Name,Price,Rating,Specification 1,Specification 2,Specification 3,Specification 4,Specification 5
"Apple iPhone 15 (Black, 128 GB)",64999.0,N/A,128 GB ROM,15.49 cm (6.1 inch) Super Retina XDR Display,48MP + 12MP | 12MP Front Camera,"A16 Bionic Chip, 6 Core Processor Processor",1 Year Warranty for Phone and 6 Months Warranty for In-Box Accessories
"Apple iPhone 15 (Pink, 128 GB)",64999.0,N/A,128 GB ROM,15.49 cm (6.1 inch) Super Retina XDR Display,48MP + 12MP | 12MP Front Camera,"A16 Bionic Chip, 6 Core Processor Processor",1 Year Warranty for Phone and 6 Months Warranty for In-Box Accessories
"Apple iPhone 15 (Blue, 128 GB)",64999.0,N/A,128 GB ROM,15.49 cm (6.1 inch) Super Retina XDR Display,48MP + 12MP | 12MP Front Camera,"A16 Bionic Chip, 6 Core Processor Processor",1 Year Warranty for Phone and 6 Months Warranty for In-Box Accessories
"Apple iPhone 15 (Green, 128 GB)",64999.0,N/A,128 GB ROM,15.49 cm (6.1 inch) Super Retina XDR Display,48MP + 12MP | 12MP Front Camera,"A16 Bionic Chip, 6 Core Processor Processor",1 Year Warranty for Phone and 6 Months Warranty for In-Box Accessories
"Apple iPhone 14 Plus (Midnight, 128 GB)",55999.0,N/A,128 GB ROM,17.02 cm (6.7 inch) Super Retina XDR Display,12MP + 12MP | 12MP Front Camera,"A15 Bionic Chip, 6 Core Processor Processor",1 Year Warranty for Phone and 6 Months Warranty for In-Box Accessories
"Apple iPhone 14 Plus (Starlight, 128 GB)",55999.0,N/A,128 GB ROM,17.02 cm (6.7 inch) Super Retina XDR Display,12MP + 12MP | 12MP Front Camera,"A15 Bionic Chip, 6 Core Processor Processor",1 Year Warranty for Phone and 6 Months Warranty for In-Box Accessories
"Apple iPhone 14 Plus (Blue, 128 GB)",55999.0,N/A,128 GB ROM,17.02 cm (6.7 inch) Super Retina XDR Display,12MP + 12MP | 12MP Front Camera,"A15 Bionic Chip, 6 Core Processor Processor",1 Year Warranty for Phone and 6 Months Warranty for In-Box Accessories
"Apple iPhone 15 (Yellow, 128 GB)",64999.0,N/A,128 GB ROM,15.49 cm (6.1 inch) Super Retina XDR Display,48MP + 12MP | 12MP Front Camera,"A16 Bionic Chip, 6 Core Processor Processor",1 Year Warranty for Phone and 6 Months Warranty for In-Box Accessories
"Apple iPhone 15 Plus (Blue, 128 GB)",74999.0,N/A,128 GB ROM,17.02 cm (6.7 inch) Super Retina XDR Display,48MP + 12MP | 12MP Front Camera,"A16 Bionic Chip, 6 Core Processor Processor",1 Year Warranty for Phone and 6 Months Warranty for In-Box Accessories
"Apple iPhone 15 Plus (Green, 128 GB)",74999.0,N/A,128 GB ROM,17.02 cm (6.7 inch) Super Retina XDR Display,48MP + 12MP | 12MP Front Camera,"A16 Bionic Chip, 6 Core Processor Processor",1 Year Warranty for Phone and 6 Months Warranty for In-Box Accessories
"Apple iPhone 15 Plus (Blue, 256 GB)",84999.0,N/A,256 GB ROM,17.02 cm (6.7 inch) Super Retina XDR Display,48MP + 12MP | 12MP Front Camera,"A16 Bionic Chip, 6 Core Processor Processor",1 Year Warranty for Phone and 6 Months Warranty for In-Box Accessories
"Apple iPhone 14 Plus (Midnight, 256 GB)",65999.0,N/A,256 GB ROM,17.02 cm (6.7 inch) Super Retina XDR Display,12MP + 12MP | 12MP Front Camera,"A15 Bionic Chip, 6 Core Processor Processor",1 Year Warranty for Phone and 6 Months Warranty for In-Box Accessories
"Apple iPhone 12 (Blue, 128 GB)",54900.0,N/A,128 GB ROM,15.49 cm (6.1 inch) Super Retina XDR Display,12MP + 12MP | 12MP Front Camera,A14 Bionic Chip with Next Generation Neural Engine Processor,Ceramic Shield
"Apple iPhone 14 Plus (Blue, 256 GB)",65999.0,N/A,256 GB ROM,17.02 cm (6.7 inch) Super Retina XDR Display,12MP + 12MP | 12MP Front Camera,"A15 Bionic Chip, 6 Core Processor Processor",1 Year Warranty for Phone and 6 Months Warranty for In-Box Accessories
"Apple iPhone 12 (Black, 64 GB)",49900.0,N/A,64 GB ROM,15.49 cm (6.1 inch) Super Retina XDR Display,12MP + 12MP | 12MP Front Camera,A14 Bionic Chip with Next Generation Neural Engine Processor,Ceramic Shield
"Apple iPhone 15 Plus (Black, 128 GB)",74999.0,N/A,128 GB ROM,17.02 cm (6.7 inch) Super Retina XDR Display,48MP + 12MP | 12MP Front Camera,"A16 Bionic Chip, 6 Core Processor Processor",1 Year Warranty for Phone and 6 Months Warranty for In-Box Accessories
"Apple iPhone 13 (Pink, 128 GB)",59900.0,N/A,128 GB ROM,15.49 cm (6.1 inch) Super Retina XDR Display,12MP + 12MP | 12MP Front Camera,A15 Bionic Chip Processor,Brand Warranty for 1 Year
"Apple iPhone 15 Plus (Pink, 128 GB)",74999.0,N/A,128 GB ROM,17.02 cm (6.7 inch) Super Retina XDR Display,48MP + 12MP | 12MP Front Camera,"A16 Bionic Chip, 6 Core Processor Processor",1 Year Warranty for Phone and 6 Months Warranty for In-Box Accessories
"Apple iPhone 15 (Black, 256 GB)",74999.0,N/A,256 GB ROM,15.49 cm (6.1 inch) Super Retina XDR Display,48MP + 12MP | 12MP Front Camera,"A16 Bionic Chip, 6 Core Processor Processor",1 Year Warranty for Phone and 6 Months Warranty for In-Box Accessories
"Apple iPhone 13 (Starlight, 128 GB)",59900.0,N/A,128 GB ROM,15.49 cm (6.1 inch) Super Retina XDR Display,12MP + 12MP | 12MP Front Camera,A15 Bionic Chip Processor,Brand Warranty for 1 Year
"Apple iPhone 12 (Blue, 64 GB)",49900.0,N/A,64 GB ROM,15.49 cm (6.1 inch) Super Retina XDR Display,12MP + 12MP | 12MP Front Camera,A14 Bionic Chip with Next Generation Neural Engine Processor,Ceramic Shield
"Apple iPhone 15 Plus (Yellow, 128 GB)",74999.0,N/A,128 GB ROM,17.02 cm (6.7 inch) Super Retina XDR Display,48MP + 12MP | 12MP Front Camera,"A16 Bionic Chip, 6 Core Processor Processor",1 Year Warranty for Phone and 6 Months Warranty for In-Box Accessories
"Apple iPhone 13 (Green, 128 GB)",59900.0,N/A,128 GB ROM,15.49 cm (6.1 inch) Super Retina XDR Display,12MP + 12MP | 12MP Front Camera,A15 Bionic Chip Processor,Brand Warranty for 1 Year
"Apple iPhone 15 (Blue, 256 GB)",74999.0,N/A,256 GB ROM,15.49 cm (6.1 inch) Super Retina XDR Display,48MP + 12MP | 12MP Front Camera,"A16 Bionic Chip, 6 Core Processor Processor",1 Year Warranty for Phone and 6 Months Warranty for In-Box Accessories
"Apple iPhone 15 (Green, 256 GB)",74999.0,N/A,256 GB ROM,15.49 cm (6.1 inch) Super Retina XDR Display,48MP + 12MP | 12MP Front Camera,"A16 Bionic Chip, 6 Core Processor Processor",1 Year Warranty for Phone and 6 Months Warranty for In-Box Accessories
"Apple iPhone 13 (Midnight, 128 GB)",59900.0,N/A,128 GB ROM,15.49 cm (6.1 inch) Super Retina XDR Display,12MP + 12MP | 12MP Front Camera,A15 Bionic Chip Processor,Brand Warranty for 1 Year
"Apple iPhone 15 Pro (Black Titanium, 128 GB)",119990.0,N/A,128 GB ROM,15.49 cm (6.1 inch) Super Retina XDR Display,48MP + 12MP + 12MP | 12MP Front Camera,"A17 Pro Chip, 6 Core Processor Processor",1 Year Warranty for Phone and 6 Months Warranty for In-Box Accessories
"Apple iPhone 13 (Blue, 128 GB)",59900.0,N/A,128 GB ROM,15.49 cm (6.1 inch) Super Retina XDR Display,12MP + 12MP | 12MP Front Camera,A15 Bionic Chip Processor,Brand Warranty for 1 Year
"Apple iPhone 15 (Pink, 256 GB)",74999.0,N/A,256 GB ROM,15.49 cm (6.1 inch) Super Retina XDR Display,48MP + 12MP | 12MP Front Camera,"A16 Bionic Chip, 6 Core Processor Processor",1 Year Warranty for Phone and 6 Months Warranty for In-Box Accessories
"Apple iPhone 14 (Blue, 128 GB)",58999.0,N/A,128 GB ROM,15.49 cm (6.1 inch) Super Retina XDR Display,12MP + 12MP | 12MP Front Camera,"A15 Bionic Chip, 6 Core Processor Processor",1 Year Warranty for Phone and 6 Months Warranty for In-Box Accessories
"Apple iPhone 14 Plus (Purple, 128 GB)",55999.0,N/A,128 GB ROM,17.02 cm (6.7 inch) Super Retina XDR Display,12MP + 12MP | 12MP Front Camera,"A15 Bionic Chip, 6 Core Processor Processor",1 Year Warranty for Phone and 6 Months Warranty for In-Box Accessories
"Apple iPhone 14 Plus ((PRODUCT)RED, 128 GB)",55999.0,N/A,128 GB ROM,17.02 cm (6.7 inch) Super Retina XDR Display,12MP + 12MP | 12MP Front Camera,"A15 Bionic Chip, 6 Core Processor Processor",1 Year Warranty for Phone and 6 Months Warranty for In-Box Accessories
"Apple iPhone 13 (Pink, 512 GB)",89900.0,N/A,512 GB ROM,15.49 cm (6.1 inch) Super Retina XDR Display,12MP + 12MP | 12MP Front Camera,A15 Bionic Chip Processor,Brand Warranty for 1 Year
"Apple iPhone 15 Pro (Black Titanium, 512 GB)",149990.0,N/A,512 GB ROM,15.49 cm (6.1 inch) Super Retina XDR Display,48MP + 12MP + 12MP | 12MP Front Camera,"A17 Pro Chip, 6 Core Processor Processor",1 Year Warranty for Phone and 6 Months Warranty for In-Box Accessories
"Apple iPhone 14 Plus (Yellow, 256 GB)",65999.0,N/A,256 GB ROM,17.02 cm (6.7 inch) Super Retina XDR Display,12MP + 12MP | 12MP Front Camera,"A15 Bionic Chip, 6 Core Processor Processor",1 Year Warranty for Phone and 6 Months Warranty for In-Box Accessories
"Apple iPhone 15 Pro (Blue Titanium, 256 GB)",129990.0,N/A,256 GB ROM,15.49 cm (6.1 inch) Super Retina XDR Display,48MP + 12MP + 12MP | 12MP Front Camera,"A17 Pro Chip, 6 Core Processor Processor",1 Year Warranty for Phone and 6 Months Warranty for In-Box Accessories
"Apple iPhone 13 (Green, 256 GB)",69900.0,N/A,256 GB ROM,15.49 cm (6.1 inch) Super Retina XDR Display,12MP + 12MP | 12MP Front Camera,A15 Bionic Chip Processor,Brand Warranty for 1 Year
"Apple iPhone 12 (Blue, 256 GB)",64900.0,N/A,256 GB ROM,15.49 cm (6.1 inch) Super Retina XDR Display,12MP + 12MP | 12MP Front Camera,A14 Bionic Chip with Next Generation Neural Engine Processor,Ceramic Shield
"Apple iPhone 14 Plus ((PRODUCT)RED, 512 GB)",85999.0,N/A,512 GB ROM,17.02 cm (6.7 inch) Super Retina XDR Display,12MP + 12MP | 12MP Front Camera,"A15 Bionic Chip, 6 Core Processor Processor",1 Year Warranty for Phone and 6 Months Warranty for In-Box Accessories
"Apple iPhone 14 (Purple, 256 GB)",68999.0,N/A,256 GB ROM,15.49 cm (6.1 inch) Super Retina XDR Display,12MP + 12MP | 12MP Front Camera,"A15 Bionic Chip, 6 Core Processor Processor",1 Year Warranty for Phone and 6 Months Warranty for In-Box Accessories
"Apple iPhone 14 Plus (Yellow, 128 GB)",55999.0,N/A,128 GB ROM,17.02 cm (6.7 inch) Super Retina XDR Display,12MP + 12MP | 12MP Front Camera,"A15 Bionic Chip, 6 Core Processor Processor",1 Year Warranty for Phone and 6 Months Warranty for In-Box Accessories
"Apple iPhone 14 (Midnight, 256 GB)",68999.0,N/A,256 GB ROM,15.49 cm (6.1 inch) Super Retina XDR Display,12MP + 12MP | 12MP Front Camera,"A15 Bionic Chip, 6 Core Processor Processor",1 Year Warranty for Phone and 6 Months Warranty for In-Box Accessories
"Apple iPhone 13 (Starlight, 256 GB)",69900.0,N/A,256 GB ROM,15.49 cm (6.1 inch) Super Retina XDR Display,12MP + 12MP | 12MP Front Camera,A15 Bionic Chip Processor,Brand Warranty for 1 Year
"Apple iPhone 14 Plus (Blue, 512 GB)",85999.0,N/A,512 GB ROM,17.02 cm (6.7 inch) Super Retina XDR Display,12MP + 12MP | 12MP Front Camera,"A15 Bionic Chip, 6 Core Processor Processor",1 Year Warranty for Phone and 6 Months Warranty for In-Box Accessories
"Apple iPhone 15 (Yellow, 512 GB)",94999.0,N/A,512 GB ROM,15.49 cm (6.1 inch) Super Retina XDR Display,48MP + 12MP | 12MP Front Camera,"A16 Bionic Chip, 6 Core Processor Processor",1 Year Warranty for Phone and 6 Months Warranty for In-Box Accessories
"Apple iPhone XR ((PRODUCT)RED, 64 GB) (Includes EarPods, Power Adapter)",47900.0,N/A,64 GB ROM,15.49 cm (6.1 inch) Display,12MP Rear Camera | 7MP Front Camera,A12 Bionic Chip Processor,iOS 13 Compatible
"Apple iPhone 13 (Blue, 256 GB)",69900.0,N/A,256 GB ROM,15.49 cm (6.1 inch) Super Retina XDR Display,12MP + 12MP | 12MP Front Camera,A15 Bionic Chip Processor,Brand Warranty for 1 Year
"Apple iPhone 12 (White, 64 GB)",49900.0,N/A,64 GB ROM,15.49 cm (6.1 inch) Super Retina XDR Display,12MP + 12MP | 12MP Front Camera,A14 Bionic Chip with Next Generation Neural Engine Processor,Ceramic Shield
"Apple iPhone 14 (Starlight, 512 GB)",88999.0,N/A,512 GB ROM,15.49 cm (6.1 inch) Super Retina XDR Display,12MP + 12MP | 12MP Front Camera,"A15 Bionic Chip, 6 Core Processor Processor",1 Year Warranty for Phone and 6 Months Warranty for In-Box Accessories
"Apple iPhone 14 ((PRODUCT)RED, 512 GB)",88999.0,N/A,512 GB ROM,15.49 cm (6.1 inch) Super Retina XDR Display,12MP + 12MP | 12MP Front Camera,"A15 Bionic Chip, 6 Core Processor Processor",1 Year Warranty for Phone and 6 Months Warranty for In-Box Accessories
"Apple iPhone 13 ((PRODUCT)RED, 512 GB)",89900.0,N/A,512 GB ROM,15.49 cm (6.1 inch) Super Retina XDR Display,12MP + 12MP | 12MP Front Camera,A15 Bionic Chip Processor,Brand Warranty for 1 Year
"Apple iPhone 15 Pro (White Titanium, 1 TB)",169990.0,N/A,1 TB ROM,15.49 cm (6.1 inch) Super Retina XDR Display,48MP + 12MP + 12MP | 12MP Front Camera,"A17 Pro Chip, 6 Core Processor Processor",1 Year Warranty for Phone and 6 Months Warranty for In-Box Accessories
"Apple iPhone 14 (Blue, 256 GB)",68999.0,N/A,256 GB ROM,15.49 cm (6.1 inch) Super Retina XDR Display,12MP + 12MP | 12MP Front Camera,"A15 Bionic Chip, 6 Core Processor Processor",1 Year Warranty for Phone and 6 Months Warranty for In-Box Accessories
"Apple iPhone 13 (Midnight, 512 GB)",89900.0,N/A,512 GB ROM,15.49 cm (6.1 inch) Super Retina XDR Display,12MP + 12MP | 12MP Front Camera,A15 Bionic Chip Processor,Brand Warranty for 1 Year
"Apple iPhone 15 Pro Max (Natural Titanium, 256 GB)",139990.0,N/A,256 GB ROM,17.02 cm (6.7 inch) Super Retina XDR Display,48MP + 12MP + 12MP | 12MP Front Camera,"A17 Pro Chip, 6 Core Processor Processor",1 Year Warranty for Phone and 6 Months Warranty for In-Box Accessories
"Apple iPhone 14 Plus (Purple, 512 GB)",85999.0,N/A,512 GB ROM,17.02 cm (6.7 inch) Super Retina XDR Display,12MP + 12MP | 12MP Front Camera,"A15 Bionic Chip, 6 Core Processor Processor",1 Year Warranty for Phone and 6 Months Warranty for In-Box Accessories
"Apple iPhone 8 Plus (Gold, 64 GB)",49900.0,N/A,64 GB ROM,13.97 cm (5.5 inch) Retina HD Display,12MP + 12MP | 7MP Front Camera,"A11 Bionic Chip with 64-bit Architecture, Neural Engine, Embedded M11 Motion Coprocessor Processor",Brand Warranty of 1 Year
"Apple iPhone 13 (Blue, 512 GB)",89900.0,N/A,512 GB ROM,15.49 cm (6.1 inch) Super Retina XDR Display,12MP + 12MP | 12MP Front Camera,A15 Bionic Chip Processor,Brand Warranty for 1 Year
"Apple iPhone 14 Plus (Starlight, 512 GB)",85999.0,N/A,512 GB ROM,17.02 cm (6.7 inch) Super Retina XDR Display,12MP + 12MP | 12MP Front Camera,"A15 Bionic Chip, 6 Core Processor Processor",1 Year Warranty for Phone and 6 Months Warranty for In-Box Accessories
"Apple iPhone 14 (Yellow, 128 GB)",58999.0,N/A,128 GB ROM,15.49 cm (6.1 inch) Super Retina XDR Display,12MP + 12MP | 12MP Front Camera,"A15 Bionic Chip, 6 Core Processor Processor",1 Year Warranty for Phone and 6 Months Warranty for In-Box Accessories
"Apple iPhone 12 Pro Max (Pacific Blue, 128 GB)",119900.0,N/A,128 GB ROM,17.02 cm (6.7 inch) Super Retina XDR Display,12MP + 12MP + 12MP | 12MP Front Camera,A14 Bionic Chip with Next Generation Neural Engine Processor,Ceramic Shield | Industry-leading IP68 Water Resistance
"Apple iPhone XR (Black, 64 GB) (Includes EarPods, Power Adapter)",47900.0,N/A,64 GB ROM,15.5 cm (6.102 inch) Display,12MP Rear Camera | 7MP Front Camera,A12 Bionic Chip Processor,iOS 13 Compatible
"Apple iPhone 14 (Yellow, 512 GB)",88999.0,N/A,512 GB ROM,15.49 cm (6.1 inch) Super Retina XDR Display,12MP + 12MP | 12MP Front Camera,"A15 Bionic Chip, 6 Core Processor Processor",1 Year Warranty for Phone and 6 Months Warranty for In-Box Accessories
"Apple iPhone 14 (Blue, 512 GB)",88999.0,N/A,512 GB ROM,15.49 cm (6.1 inch) Super Retina XDR Display,12MP + 12MP | 12MP Front Camera,"A15 Bionic Chip, 6 Core Processor Processor",1 Year Warranty for Phone and 6 Months Warranty for In-Box Accessories
"Apple iPhone 13 (Green, 512 GB)",89900.0,N/A,512 GB ROM,15.49 cm (6.1 inch) Super Retina XDR Display,12MP + 12MP | 12MP Front Camera,A15 Bionic Chip Processor,Brand Warranty for 1 Year
"Apple iPhone 6 Plus (Silver, 64 GB)",48999.0,N/A,64 GB ROM,13.97 cm (5.5 inch) Retina HD Display,8MP Rear Camera | 1.2MP Front Camera,A8 Chip with 64-bit Architecture and M8 Motion Co-processor,1 Year Manufacturer Warranty
"Apple iPhone 13 (Starlight, 512 GB)",89900.0,N/A,512 GB ROM,15.49 cm (6.1 inch) Super Retina XDR Display,12MP + 12MP | 12MP Front Camera,A15 Bionic Chip Processor,Brand Warranty for 1 Year
"Apple iPhone 6s (Silver, 32 GB)",29990.0,N/A,32 GB ROM,11.94 cm (4.7 inch) Retina HD Display,12MP Rear Camera | 5MP Front Camera,Apple A9 64-bit processor and M9 Motion Co-processor,Brand Warranty of 1 Year
"Apple iPhone 6s Plus (Gold, 32 GB)",34900.0,N/A,32 GB ROM,13.97 cm (5.5 inch) Retina HD Display,12MP Rear Camera | 5MP Front Camera,Apple A9 64-bit processor and Embedded M9 Motion Co-processor,Brand Warranty of 1 Year
"Apple iPhone 5s (Silver, 16 GB)",25000.0,N/A,16 GB ROM,10.16 cm (4 inch) Retina Display,8MP Rear Camera | 1.2MP Front Camera,Apple A7 64-bit processor and M7 Motion Co-processor,1 Year Manufacturer Warranty
"Apple iPhone XS Max (Space Grey, 64 GB)",109900.0,N/A,64 GB ROM,16.51 cm (6.5 inch) Super Retina HD Display,12MP + 12MP | 7MP Front Camera,A12 Bionic Chip Processor,iOS 13 Compatible
"Apple iPhone 5s (Space Grey, 16 GB)",25000.0,N/A,16 GB ROM,10.16 cm (4 inch) Retina Display,8MP Rear Camera | 1.2MP Front Camera,Apple A7 64-bit processor and M7 Motion Co-processor,1 Year Manufacturer Warranty
"Apple iPhone XR (White, 64 GB) (Includes EarPods, Power Adapter)",47900.0,N/A,64 GB ROM,15.49 cm (6.1 inch) Display,12MP Rear Camera | 7MP Front Camera,A12 Bionic Chip Processor,iOS 13 Compatible
"Apple iPhone 8 (Space Grey, 256 GB)",77000.0,N/A,256 GB ROM,11.94 cm (4.7 inch) Retina HD Display,12MP Rear Camera | 7MP Front Camera,"A11 Bionic Chip with 64-bit Architecture, Neural Engine, Embedded M11 Motion Coprocessor Processor",Brand Warranty of 1 Year
"Apple iPhone 8 (Silver, 256 GB)",77000.0,N/A,256 GB ROM,11.94 cm (4.7 inch) Retina HD Display,12MP Rear Camera | 7MP Front Camera,"A11 Bionic Chip with 64-bit Architecture, Neural Engine, Embedded M11 Motion Coprocessor Processor",Brand Warranty of 1 Year
"Apple iPhone 8 Plus (Space Grey, 256 GB)",84900.0,N/A,256 GB ROM,13.97 cm (5.5 inch) Retina HD Display,12MP + 12MP | 7MP Front Camera,"A11 Bionic Chip with 64-bit Architecture, Neural Engine, Embedded M11 Motion Coprocessor Processor",Brand Warranty of 1 Year
"Apple iPhone 8 Plus (Space Grey, 64 GB)",49900.0,N/A,64 GB ROM,13.97 cm (5.5 inch) Retina HD Display,12MP + 12MP | 7MP Front Camera,"A11 Bionic Chip with 64-bit Architecture, Neural Engine, Embedded M11 Motion Coprocessor Processor",Brand Warranty of 1 Year
"Apple iPhone 14 - Unboxed (Starlight, 128 GB)",349500.0,N/A,128 GB ROM,15.49 cm (6.1 inch) Super Retina XDR Display,12MP + 12MP | 12MP Front Camera,"A15 Bionic Chip, 6 Core Processor Processor",1 Year Warranty for Phone and 6 Months Warranty for In-Box Accessories
"Apple iPhone 8 Plus (Silver, 256 GB)",84900.0,N/A,256 GB ROM,13.97 cm (5.5 inch) Retina HD Display,12MP + 12MP | 7MP Front Camera,"A11 Bionic Chip with 64-bit Architecture, Neural Engine, Embedded M11 Motion Coprocessor Processor",Brand Warranty of 1 Year
"Apple iPhone 8 Plus (Silver, 64 GB)",49900.0,N/A,64 GB ROM,13.97 cm (5.5 inch) Retina HD Display,12MP + 12MP | 7MP Front Camera,"A11 Bionic Chip with 64-bit Architecture, Neural Engine, Embedded M11 Motion Coprocessor Processor",Brand Warranty of 1 Year
"Apple iPhone 6s Plus (Space Grey, 16 GB)",72000.0,N/A,16 GB ROM,13.97 cm (5.5 inch) Retina HD Display,12MP Rear Camera | 5MP Front Camera,Apple A9 64-bit processor and Embedded M9 Motion Co-processor,Brand Warranty of 1 Year
"Apple iPhone 8 (Gold, 256 GB)",77000.0,N/A,256 GB ROM,11.94 cm (4.7 inch) Retina HD Display,12MP Rear Camera | 7MP Front Camera,"A11 Bionic Chip with 64-bit Architecture, Neural Engine, Embedded M11 Motion Coprocessor Processor",Brand Warranty of 1 Year
"Apple iPhone 8 (Gold, 64 GB)",39900.0,N/A,64 GB ROM,11.94 cm (4.7 inch) Retina HD Display,12MP Rear Camera | 7MP Front Camera,"A11 Bionic Chip with 64-bit Architecture, Neural Engine, Embedded M11 Motion Coprocessor Processor",iOS 13 Compatible
"Apple iPhone 6 (Gold, 32 GB)",30780.0,N/A,32 GB ROM,11.94 cm (4.7 inch) Retina HD Display,8MP Rear Camera | 1.2MP Front Camera,A8 Chip with 64-bit Architecture and M8 Motion Co-processor,Brand Warranty of 1 Year
"Apple iPhone 7 Plus (Gold, 128 GB)",42900.0,N/A,128 GB ROM,13.94 cm (5.488 inch) Retina HD Display,12MP + 12MP | 7MP Front Camera,Apple A10 Fusion 64-bit processor and Embedded M10 Motion Co-processor,Brand Warranty of 1 Year
"Apple iPhone 15 Plus (Black, 256 GB)",84999.0,N/A,256 GB ROM,17.02 cm (6.7 inch) Super Retina XDR Display,48MP + 12MP | 12MP Front Camera,"A16 Bionic Chip, 6 Core Processor Processor",1 Year Warranty for Phone and 6 Months Warranty for In-Box Accessories
"Apple iPhone 15 Pro (Natural Titanium, 256 GB)",129990.0,N/A,256 GB ROM,15.49 cm (6.1 inch) Super Retina XDR Display,48MP + 12MP + 12MP | 12MP Front Camera,"A17 Pro Chip, 6 Core Processor Processor",1 Year Warranty for Phone and 6 Months Warranty for In-Box Accessories
"Apple iPhone 14 Pro (Silver, 1 TB)",169900.0,N/A,1 TB ROM,15.49 cm (6.1 inch) Super Retina XDR Display,48MP + 12MP + 12MP | 12MP Front Camera,"A16 Bionic Chip, 6 Core Processor Processor",1 Year Warranty for Phone and 6 Months Warranty for In-Box Accessories
"Apple iPhone 15 Pro (Black Titanium, 512 GB)",149990.0,N/A,512 GB ROM,15.49 cm (6.1 inch) Super Retina XDR Display,48MP + 12MP + 12MP | 12MP Front Camera,"A17 Pro Chip, 6 Core Processor Processor",1 Year Warranty for Phone and 6 Months Warranty for In-Box Accessories
"Apple iPhone 15 Plus (Pink, 512 GB)",104999.0,N/A,512 GB ROM,17.02 cm (6.7 inch) Super Retina XDR Display,48MP + 12MP | 12MP Front Camera,"A16 Bionic Chip, 6 Core Processor Processor",1 Year Warranty for Phone and 6 Months Warranty for In-Box Accessories
"Apple iPhone 14 Pro Max (Space Black, 512 GB)",157999.0,N/A,512 GB ROM,17.02 cm (6.7 inch) Super Retina XDR Display,48MP + 12MP + 12MP | 12MP Front Camera,"A16 Bionic Chip, 6 Core Processor Processor",1 Year Warranty for Phone and 6 Months Warranty for In-Box Accessories
"Apple iPhone 11 (Black, 128 GB) (Includes EarPods, Power Adapter)",39999.0,N/A,128 GB ROM,15.49 cm (6.1 inch) Liquid Retina HD Display,12MP + 12MP | 12MP Front Camera,A13 Bionic Chip Processor,Brand Warranty for 1 Year
"Apple iPhone 15 Plus (Pink, 256 GB)",84999.0,N/A,256 GB ROM,17.02 cm (6.7 inch) Super Retina XDR Display,48MP + 12MP | 12MP Front Camera,"A16 Bionic Chip, 6 Core Processor Processor",1 Year Warranty for Phone and 6 Months Warranty for In-Box Accessories
"Apple iPhone 14 Pro Max (Gold, 512 GB)",157999.0,N/A,512 GB ROM,17.02 cm (6.7 inch) Super Retina XDR Display,48MP + 12MP + 12MP | 12MP Front Camera,"A16 Bionic Chip, 6 Core Processor Processor",1 Year Warranty for Phone and 6 Months Warranty for In-Box Accessories
"Apple iPhone 14 ((PRODUCT)RED, 256 GB)",68999.0,N/A,256 GB ROM,15.49 cm (6.1 inch) Super Retina XDR Display,12MP + 12MP | 12MP Front Camera,"A15 Bionic Chip, 6 Core Processor Processor",1 Year Warranty for Phone and 6 Months Warranty for In-Box Accessories
"Apple iPhone SE 3rd Gen (Midnight, 128 GB)",54900.0,N/A,128 GB ROM,11.94 cm (4.7 inch) Retina HD Display,12MP Rear Camera | 7MP Front Camera,"A15 Bionic Chip, 6 Core Processor Processor",Brand Warranty of 1 Year
"Apple iPhone 14 Pro (Space Black, 512 GB)",149900.0,N/A,512 GB ROM,15.49 cm (6.1 inch) Super Retina XDR Display,48MP + 12MP + 12MP | 12MP Front Camera,"A16 Bionic Chip, 6 Core Processor Processor",1 Year Warranty for Phone and 6 Months Warranty for In-Box Accessories
"Apple iPhone 11 (Purple, 64 GB)",43900.0,N/A,64 GB ROM,15.49 cm (6.1 inch) Liquid Retina HD Display,12MP + 12MP | 12MP Front Camera,A13 Bionic Chip Processor,Brand Warranty of 1 Year
"Apple iPhone 14 Plus ((PRODUCT)RED, 256 GB)",65999.0,N/A,256 GB ROM,17.02 cm (6.7 inch) Super Retina XDR Display,12MP + 12MP | 12MP Front Camera,"A15 Bionic Chip, 6 Core Processor Processor",1 Year Warranty for Phone and 6 Months Warranty for In-Box Accessories
"Apple iPhone 15 Pro (White Titanium, 256 GB)",129990.0,N/A,256 GB ROM,15.49 cm (6.1 inch) Super Retina XDR Display,48MP + 12MP + 12MP | 12MP Front Camera,"A17 Pro Chip, 6 Core Processor Processor",1 Year Warranty for Phone and 6 Months Warranty for In-Box Accessories
"Apple iPhone 13 ((PRODUCT)RED, 256 GB)",69900.0,N/A,256 GB ROM,15.49 cm (6.1 inch) Super Retina XDR Display,12MP + 12MP | 12MP Front Camera,A15 Bionic Chip Processor,Brand Warranty for 1 Year
"Apple iPhone 14 Plus (Purple, 256 GB)",65999.0,N/A,256 GB ROM,17.02 cm (6.7 inch) Super Retina XDR Display,12MP + 12MP | 12MP Front Camera,"A15 Bionic Chip, 6 Core Processor Processor",1 Year Warranty for Phone and 6 Months Warranty for In-Box Accessories
"Apple iPhone XR (Coral, 128 GB) (Includes EarPods, Power Adapter)",52900.0,N/A,128 GB ROM,15.49 cm (6.1 inch) Display,12MP Rear Camera | 7MP Front Camera,A12 Bionic Chip Processor,iOS 13 Compatible
"Apple iPhone 15 (Yellow, 256 GB)",74999.0,N/A,256 GB ROM,15.49 cm (6.1 inch) Super Retina XDR Display,48MP + 12MP | 12MP Front Camera,"A16 Bionic Chip, 6 Core Processor Processor",1 Year Warranty for Phone and 6 Months Warranty for In-Box Accessories
"Apple iPhone 12 (Red, 64 GB)",49900.0,N/A,64 GB ROM,15.49 cm (6.1 inch) Super Retina XDR Display,12MP + 12MP | 12MP Front Camera,A14 Bionic Chip with Next Generation Neural Engine Processor,Ceramic Shield
"Apple iPhone 15 Pro (Blue Titanium, 128 GB)",119990.0,N/A,128 GB ROM,15.49 cm (6.1 inch) Super Retina XDR Display,48MP + 12MP + 12MP | 12MP Front Camera,"A17 Pro Chip, 6 Core Processor Processor",1 Year Warranty for Phone and 6 Months Warranty for In-Box Accessories
"Apple iPhone 13 Pro Max (Silver, 1 TB)",179900.0,N/A,1 TB ROM,17.02 cm (6.7 inch) Super Retina XDR Display,12MP + 12MP + 12MP | 12MP Front Camera,A15 Bionic Chip Processor,Brand Warranty for 1 Year
"Apple iPhone 15 Plus (Green, 512 GB)",104999.0,N/A,512 GB ROM,17.02 cm (6.7 inch) Super Retina XDR Display,48MP + 12MP | 12MP Front Camera,"A16 Bionic Chip, 6 Core Processor Processor",1 Year Warranty for Phone and 6 Months Warranty for In-Box Accessories
"Apple iPhone 13 Pro Max (Graphite, 128 GB)",129900.0,N/A,128 GB ROM,17.02 cm (6.7 inch) Super Retina XDR Display,12MP + 12MP + 12MP | 12MP Front Camera,A15 Bionic Chip Processor,Brand Warranty for 1 Year
"Apple iPhone SE (White, 256 GB)",54900.0,N/A,256 GB ROM,11.94 cm (4.7 inch) Retina HD Display,12MP Rear Camera | 7MP Front Camera,A13 Bionic Chip with 3rd Gen Neural Engine Processor,"Water and Dust Resistant (1 meter for Upto 30 minutes, IP67)"
"Apple iPhone 15 Pro (White Titanium, 128 GB)",119990.0,N/A,128 GB ROM,15.49 cm (6.1 inch) Super Retina XDR Display,48MP + 12MP + 12MP | 12MP Front Camera,"A17 Pro Chip, 6 Core Processor Processor",1 Year Warranty for Phone and 6 Months Warranty for In-Box Accessories
"Apple iPhone 11 (Yellow, 64 GB)",43900.0,N/A,64 GB ROM,15.49 cm (6.1 inch) Liquid Retina HD Display,12MP + 12MP | 12MP Front Camera,A13 Bionic Chip Processor,Brand Warranty of 1 Year
"Apple iPhone 14 Pro Max (Gold, 128 GB)",127999.0,N/A,128 GB ROM,17.02 cm (6.7 inch) Super Retina XDR Display,48MP + 12MP + 12MP | 12MP Front Camera,"A16 Bionic Chip, 6 Core Processor Processor",1 Year Warranty for Phone and 6 Months Warranty for In-Box Accessories
"Apple iPhone 11 (Black, 128 GB)",39999.0,N/A,128 GB ROM,15.49 cm (6.1 inch) Liquid Retina HD Display,12MP + 12MP | 12MP Front Camera,A13 Bionic Chip Processor,Brand Warranty of 1 Year
"Apple iPhone 13 Pro (Gold, 256 GB)",129900.0,N/A,256 GB ROM,15.49 cm (6.1 inch) Super Retina XDR Display,12MP + 12MP + 12MP | 12MP Front Camera,A15 Bionic Chip Processor,Brand Warranty for 1 Year
"Apple iPhone 11 (Black, 64 GB)",43900.0,N/A,64 GB ROM,15.49 cm (6.1 inch) Liquid Retina HD Display,12MP + 12MP | 12MP Front Camera,A13 Bionic Chip Processor,Brand Warranty of 1 Year
"Apple iPhone 14 Pro Max (Deep Purple, 512 GB)",157999.0,N/A,512 GB ROM,17.02 cm (6.7 inch) Super Retina XDR Display,48MP + 12MP + 12MP | 12MP Front Camera,"A16 Bionic Chip, 6 Core Processor Processor",1 Year Warranty for Phone and 6 Months Warranty for In-Box Accessories
"Apple iPhone XS (Silver, 64 GB)",89900.0,N/A,64 GB ROM,14.73 cm (5.8 inch) Super Retina HD Display,12MP + 12MP | 7MP Front Camera,A12 Bionic Chip Processor,1 Year Limited Warranty for Products and Accessories
"Apple iPhone 15 Pro (White Titanium, 512 GB)",149990.0,N/A,512 GB ROM,15.49 cm (6.1 inch) Super Retina XDR Display,48MP + 12MP + 12MP | 12MP Front Camera,"A17 Pro Chip, 6 Core Processor Processor",1 Year Warranty for Phone and 6 Months Warranty for In-Box Accessories
"Apple iPhone 15 Pro (Natural Titanium, 512 GB)",149990.0,N/A,512 GB ROM,15.49 cm (6.1 inch) Super Retina XDR Display,48MP + 12MP + 12MP | 12MP Front Camera,"A17 Pro Chip, 6 Core Processor Processor",1 Year Warranty for Phone and 6 Months Warranty for In-Box Accessories
"Apple iPhone 12 mini (Green, 64 GB)",23000.0,N/A,64 GB ROM,13.72 cm (5.4 inch) Super Retina XDR Display,12MP + 12MP | 12MP Front Camera,A14 Bionic Chip with Next Generation Neural Engine Processor,Ceramic Shield
"Apple iPhone 15 Pro (Blue Titanium, 128 GB)",119990.0,N/A,128 GB ROM,15.49 cm (6.1 inch) Super Retina XDR Display,48MP + 12MP + 12MP | 12MP Front Camera,"A17 Pro Chip, 6 Core Processor Processor",1 Year Warranty for Phone and 6 Months Warranty for In-Box Accessories
"Apple iPhone 14 Pro (Silver, 1 TB)",169900.0,N/A,1 TB ROM,15.49 cm (6.1 inch) Super Retina XDR Display,48MP + 12MP + 12MP | 12MP Front Camera,"A16 Bionic Chip, 6 Core Processor Processor",1 Year Warranty for Phone and 6 Months Warranty for In-Box Accessories
"Apple iPhone SE (Black, 64 GB)",39900.0,N/A,64 GB ROM,11.94 cm (4.7 inch) Retina HD Display,12MP Rear Camera | 7MP Front Camera,A13 Bionic Chip with 3rd Gen Neural Engine Processor,"Water and Dust Resistant (1 meter for Upto 30 minutes, IP67)"
"Apple iPhone 14 Pro (Gold, 128 GB)",119900.0,N/A,128 GB ROM,15.49 cm (6.1 inch) Super Retina XDR Display,48MP + 12MP + 12MP | 12MP Front Camera,"A16 Bionic Chip, 6 Core Processor Processor",1 Year Warranty for Phone and 6 Months Warranty for In-Box Accessories
"Apple iPhone 14 Pro Max (Silver, 256 GB)",137999.0,N/A,256 GB ROM,17.02 cm (6.7 inch) Super Retina XDR Display,48MP + 12MP + 12MP | 12MP Front Camera,"A16 Bionic Chip, 6 Core Processor Processor",1 Year Warranty for Phone and 6 Months Warranty for In-Box Accessories
"Apple iPhone 11 (Yellow, 128 GB)",39999.0,N/A,128 GB ROM,15.49 cm (6.1 inch) Liquid Retina HD Display,12MP + 12MP | 12MP Front Camera,A13 Bionic Chip Processor,Brand Warranty of 1 Year
"Apple iPhone 11 (Red, 128 GB)",39999.0,N/A,128 GB ROM,15.49 cm (6.1 inch) Liquid Retina HD Display,12MP + 12MP | 12MP Front Camera,A13 Bionic Chip Processor,Brand Warranty of 1 Year
"Apple iPhone 12 (Purple, 128 GB)",54900.0,N/A,128 GB ROM,15.49 cm (6.1 inch) Super Retina XDR Display,12MP + 12MP | 12MP Front Camera,A14 Bionic Chip with Next Generation Neural Engine Processor,Ceramic Shield
"Apple iPhone 15 Pro (White Titanium, 128 GB)",119990.0,N/A,128 GB ROM,15.49 cm (6.1 inch) Super Retina XDR Display,48MP + 12MP + 12MP | 12MP Front Camera,"A17 Pro Chip, 6 Core Processor Processor",1 Year Warranty for Phone and 6 Months Warranty for In-Box Accessories
"Apple iPhone 11 (Red, 64 GB)",29999.0,N/A,64 GB ROM,15.49 cm (6.1 inch) Liquid Retina HD Display,12MP + 12MP | 12MP Front Camera,A13 Bionic Chip Processor,Brand Warranty of 1 Year
"Apple iPhone X (Silver, 256 GB)",106900.0,N/A,256 GB ROM,14.73 cm (5.8 inch) Super Retina HD Display,12MP + 12MP | 7MP Front Camera,"A11 Bionic Chip with 64-bit Architecture, Neural Engine, Embedded M11 Motion Coprocessor Processor",Brand Warranty of 1 Year
"Apple iPhone 15 Pro (Blue Titanium, 512 GB)",149990.0,N/A,512 GB ROM,15.49 cm (6.1 inch) Super Retina XDR Display,48MP + 12MP + 12MP | 12MP Front Camera,"A17 Pro Chip, 6 Core Processor Processor",1 Year Warranty for Phone and 6 Months Warranty for In-Box Accessories
"Apple iPhone 15 Plus (Green, 256 GB)",84999.0,N/A,256 GB ROM,17.02 cm (6.7 inch) Super Retina XDR Display,48MP + 12MP | 12MP Front Camera,"A16 Bionic Chip, 6 Core Processor Processor",1 Year Warranty for Phone and 6 Months Warranty for In-Box Accessories
"Apple iPhone 13 Pro (Gold, 256 GB)",129900.0,N/A,256 GB ROM,15.49 cm (6.1 inch) Super Retina XDR Display,12MP + 12MP + 12MP | 12MP Front Camera,A15 Bionic Chip Processor,Brand Warranty for 1 Year
"Apple iPhone 13 mini (Pink, 128 GB)",64900.0,N/A,128 GB ROM,13.72 cm (5.4 inch) Super Retina XDR Display,12MP + 12MP | 12MP Front Camera,A15 Bionic Chip Processor,Brand Warranty for 1 Year
"Apple iPhone 12 (Purple, 256 GB)",64900.0,N/A,256 GB ROM,15.49 cm (6.1 inch) Super Retina XDR Display,12MP + 12MP | 12MP Front Camera,A14 Bionic Chip with Next Generation Neural Engine Processor,Ceramic Shield
"Apple iPhone SE (Black, 128 GB)",44900.0,N/A,128 GB ROM,11.94 cm (4.7 inch) Retina HD Display,12MP Rear Camera | 7MP Front Camera,A13 Bionic Chip with 3rd Gen Neural Engine Processor,"Water and Dust Resistant (1 meter for Upto 30 minutes, IP67)"
"Apple iPhone 15 Pro (Natural Titanium, 1 TB)",169990.0,N/A,1 TB ROM,15.49 cm (6.1 inch) Super Retina XDR Display,48MP + 12MP + 12MP | 12MP Front Camera,"A17 Pro Chip, 6 Core Processor Processor",1 Year Warranty for Phone and 6 Months Warranty for In-Box Accessories
"Apple iPhone 12 mini (Purple, 128 GB)",29999.0,N/A,128 GB ROM,13.72 cm (5.4 inch) Super Retina XDR Display,12MP + 12MP | 12MP Front Camera,A14 Bionic Chip with Next Generation Neural Engine Processor,Ceramic Shield
"Apple iPhone 12 (Green, 256 GB)",64900.0,N/A,256 GB ROM,15.49 cm (6.1 inch) Super Retina XDR Display,12MP + 12MP | 12MP Front Camera,A14 Bionic Chip with Next Generation Neural Engine Processor,Ceramic Shield
"Apple iPhone 13 Pro Max (Alpine Green, 512 GB)",159900.0,N/A,512 GB ROM,17.02 cm (6.7 inch) Super Retina XDR Display,12MP + 12MP + 12MP | 12MP Front Camera,A15 Bionic Chip Processor,Brand Warranty for 1 Year
"Apple iPhone 15 Pro (Natural Titanium, 128 GB)",119990.0,N/A,128 GB ROM,15.49 cm (6.1 inch) Super Retina XDR Display,48MP + 12MP + 12MP | 12MP Front Camera,"A17 Pro Chip, 6 Core Processor Processor",1 Year Warranty for Phone and 6 Months Warranty for In-Box Accessories
"Apple iPhone 13 ((PRODUCT)RED, 256 GB)",69900.0,N/A,256 GB ROM,15.49 cm (6.1 inch) Super Retina XDR Display,12MP + 12MP | 12MP Front Camera,A15 Bionic Chip Processor,Brand Warranty for 1 Year
"Apple iPhone 12 mini (Black, 128 GB)",29999.0,N/A,128 GB ROM,13.72 cm (5.4 inch) Super Retina XDR Display,12MP + 12MP | 12MP Front Camera,A14 Bionic Chip with Next Generation Neural Engine Processor,Ceramic Shield
"Apple iPhone 12 (Purple, 64 GB)",49900.0,N/A,64 GB ROM,15.49 cm (6.1 inch) Super Retina XDR Display,12MP + 12MP | 12MP Front Camera,A14 Bionic Chip with Next Generation Neural Engine Processor,Ceramic Shield
"Apple iPhone 12 (White, 256 GB)",64900.0,N/A,256 GB ROM,15.49 cm (6.1 inch) Super Retina XDR Display,12MP + 12MP | 12MP Front Camera,A14 Bionic Chip with Next Generation Neural Engine Processor,Ceramic Shield
"Apple iPhone 12 mini (White, 128 GB)",29999.0,N/A,128 GB ROM,13.72 cm (5.4 inch) Super Retina XDR Display,12MP + 12MP | 12MP Front Camera,A14 Bionic Chip with Next Generation Neural Engine Processor,Ceramic Shield
"Apple iPhone 12 mini (Blue, 64 GB)",23000.0,N/A,64 GB ROM,13.72 cm (5.4 inch) Super Retina XDR Display,12MP + 12MP | 12MP Front Camera,A14 Bionic Chip with Next Generation Neural Engine Processor,Ceramic Shield
"Apple iPhone 15 Pro Max (Black Titanium, 1 TB)",188900.0,N/A,1 TB ROM,17.02 cm (6.7 inch) Super Retina XDR Display,48MP + 12MP + 12MP | 12MP Front Camera,"A17 Pro Chip, 6 Core Processor Processor",1 Year Warranty for Phone and 6 Months Warranty for In-Box Accessories
"Apple iPhone 11 (Green, 64 GB)",29999.0,N/A,64 GB ROM,15.49 cm (6.1 inch) Liquid Retina HD Display,12MP + 12MP | 12MP Front Camera,A13 Bionic Chip Processor,Brand Warranty of 1 Year
"Apple iPhone 12 Pro (Graphite, 128 GB)",109900.0,N/A,128 GB ROM,15.49 cm (6.1 inch) Super Retina XDR Display,12MP + 12MP + 12MP | 12MP Front Camera,A14 Bionic Chip with Next Generation Neural Engine Processor,Ceramic Shield | Industry-leading IP68 Water Resistance
"Apple iPhone 12 mini (Blue, 128 GB)",29999.0,N/A,128 GB ROM,13.72 cm (5.4 inch) Super Retina XDR Display,12MP + 12MP | 12MP Front Camera,A14 Bionic Chip with Next Generation Neural Engine Processor,Ceramic Shield
"Apple iPhone 15 Pro Max (Blue Titanium, 256 GB)",139990.0,N/A,256 GB ROM,17.02 cm (6.7 inch) Super Retina XDR Display,48MP + 12MP + 12MP | 12MP Front Camera,"A17 Pro Chip, 6 Core Processor Processor",1 Year Warranty for Phone and 6 Months Warranty for In-Box Accessories
"Apple iPhone 14 Pro Max (Deep Purple, 128 GB)",127999.0,N/A,128 GB ROM,17.02 cm (6.7 inch) Super Retina XDR Display,48MP + 12MP + 12MP | 12MP Front Camera,"A16 Bionic Chip, 6 Core Processor Processor",1 Year Warranty for Phone and 6 Months Warranty for In-Box Accessories
"Apple iPhone X (Silver, 64 GB)",91900.0,N/A,64 GB ROM,14.73 cm (5.8 inch) Super Retina HD Display,12MP + 12MP | 7MP Front Camera,"A11 Bionic Chip with 64-bit Architecture, Neural Engine, Embedded M11 Motion Coprocessor Processor",iOS 13 Compatible
"Apple iPhone 15 Pro Max (White Titanium, 256 GB)",139990.0,N/A,256 GB ROM,17.02 cm (6.7 inch) Super Retina XDR Display,48MP + 12MP + 12MP | 12MP Front Camera,"A17 Pro Chip, 6 Core Processor Processor",1 Year Warranty for Phone and 6 Months Warranty for In-Box Accessories
"Apple iPhone 15 Pro Max (Blue Titanium, 1 TB)",188900.0,N/A,1 TB ROM,17.02 cm (6.7 inch) Super Retina XDR Display,48MP + 12MP + 12MP | 12MP Front Camera,"A17 Pro Chip, 6 Core Processor Processor",1 Year Warranty for Phone and 6 Months Warranty for In-Box Accessories
"Apple iPhone 12 (Green, 64 GB)",49900.0,N/A,64 GB ROM,15.49 cm (6.1 inch) Super Retina XDR Display,12MP + 12MP | 12MP Front Camera,A14 Bionic Chip with Next Generation Neural Engine Processor,Ceramic Shield
"Apple iPhone 12 (White, 128 GB)",54900.0,N/A,128 GB ROM,15.49 cm (6.1 inch) Super Retina XDR Display,12MP + 12MP | 12MP Front Camera,A14 Bionic Chip with Next Generation Neural Engine Processor,Ceramic Shield
"Apple iPhone 15 Pro Max (White Titanium, 1 TB)",188900.0,N/A,1 TB ROM,17.02 cm (6.7 inch) Super Retina XDR Display,48MP + 12MP + 12MP | 12MP Front Camera,"A17 Pro Chip, 6 Core Processor Processor",1 Year Warranty for Phone and 6 Months Warranty for In-Box Accessories
"Apple iPhone 12 Pro (Pacific Blue, 512 GB)",139900.0,N/A,512 GB ROM,15.49 cm (6.1 inch) Super Retina XDR Display,12MP + 12MP + 12MP | 12MP Front Camera,A14 Bionic Chip with Next Generation Neural Engine Processor,Ceramic Shield | Industry-leading IP68 Water Resistance
"Apple iPhone 13 Pro (Alpine Green, 256 GB)",129900.0,N/A,256 GB ROM,15.49 cm (6.1 inch) Super Retina XDR Display,12MP + 12MP + 12MP | 12MP Front Camera,A15 Bionic Chip Processor,Brand Warranty for 1 Year
"Apple iPhone 13 Pro (Alpine Green, 1 TB)",169900.0,N/A,1 TB ROM,15.49 cm (6.1 inch) Super Retina XDR Display,12MP + 12MP + 12MP | 12MP Front Camera,A15 Bionic Chip Processor,Brand Warranty for 1 Year
"Apple iPhone 8 Plus (Gold, 256 GB)",84900.0,N/A,256 GB ROM,13.97 cm (5.5 inch) Retina HD Display,12MP + 12MP | 7MP Front Camera,"A11 Bionic Chip with 64-bit Architecture, Neural Engine, Embedded M11 Motion Coprocessor Processor",Brand Warranty of 1 Year
"Apple iPhone XR (Coral, 256 GB) (Includes EarPods, Power Adapter)",91900.0,N/A,256 GB ROM,15.49 cm (6.1 inch) Display,12MP Rear Camera | 7MP Front Camera,A12 Bionic Chip Processor,Brand Warranty of 1 Year
"Apple iPhone 13 Pro (Graphite, 1 TB)",169900.0,N/A,1 TB ROM,15.49 cm (6.1 inch) Super Retina XDR Display,12MP + 12MP + 12MP | 12MP Front Camera,A15 Bionic Chip Processor,Brand Warranty for 1 Year
"Apple iPhone 7 Plus (Rose Gold, 256 GB)",85400.0,N/A,256 GB ROM,13.97 cm (5.5 inch) Retina HD Display,12MP + 12MP | 7MP Front Camera,Apple A10 Fusion 64-bit processor and Embedded M10 Motion Co-processor,Brand Warranty of 1 Year
"Apple iPhone 15 Pro - Unboxed (Blue Titanium, 512 GB)",164900.0,N/A,512 GB ROM,15.49 cm (6.1 inch) Super Retina XDR Display,48MP + 12MP + 12MP | 12MP Front Camera,"A17 Pro Chip, 6 Core Processor Processor",1 Year Warranty for Phone and 6 Months Warranty for In-Box Accessories
"Apple iPhone 14 - Unboxed (Purple, 256 GB)",239700.0,N/A,256 GB ROM,15.49 cm (6.1 inch) Super Retina XDR Display,12MP + 12MP | 12MP Front Camera,"A15 Bionic Chip, 6 Core Processor Processor",1 Year Warranty for Phone and 6 Months Warranty for In-Box Accessories
"Apple iPhone 14 - Unboxed (Purple, 512 GB)",299700.0,N/A,512 GB ROM,15.49 cm (6.1 inch) Super Retina XDR Display,12MP + 12MP | 12MP Front Camera,"A15 Bionic Chip, 6 Core Processor Processor",1 Year Warranty for Phone and 6 Months Warranty for In-Box Accessories
"Apple iPhone XR (Blue, 256 GB) (Includes EarPods, Power Adapter)",91900.0,N/A,256 GB ROM,15.49 cm (6.1 inch) Display,12MP Rear Camera | 7MP Front Camera,A12 Bionic Chip Processor,Brand Warranty of 1 Year
"Apple iPhone 14 Pro - Unboxed (Space Black, 512 GB)",149900.0,N/A,512 GB ROM,15.49 cm (6.1 inch) Super Retina XDR Display,48MP + 12MP + 12MP | 12MP Front Camera,"A16 Bionic Chip, 6 Core Processor Processor",1 Year Warranty for Phone and 6 Months Warranty for In-Box Accessories
"Apple iPhone 14 Pro - Unboxed (Deep Purple, 512 GB)",149900.0,N/A,512 GB ROM,15.49 cm (6.1 inch) Super Retina XDR Display,48MP + 12MP + 12MP | 12MP Front Camera,"A16 Bionic Chip, 6 Core Processor Processor",1 Year Warranty for Phone and 6 Months Warranty for In-Box Accessories
"Apple iPhone 14 - Unboxed ((PRODUCT)RED, 256 GB)",159800.0,N/A,256 GB ROM,15.49 cm (6.1 inch) Super Retina XDR Display,12MP + 12MP | 12MP Front Camera,"A15 Bionic Chip, 6 Core Processor Processor",1 Year Warranty for Phone and 6 Months Warranty for In-Box Accessories
"Apple iPhone 15 - Unboxed (Blue, 512 GB)",109900.0,N/A,512 GB ROM,15.49 cm (6.1 inch) Super Retina XDR Display,48MP + 12MP | 12MP Front Camera,"A16 Bionic Chip, 6 Core Processor Processor",1 Year Warranty for Phone and 6 Months Warranty for In-Box Accessories
"Apple iPhone 13 Pro (Alpine Green, 512 GB)",149900.0,N/A,512 GB ROM,15.49 cm (6.1 inch) Super Retina XDR Display,12MP + 12MP + 12MP | 12MP Front Camera,A15 Bionic Chip Processor,Brand Warranty for 1 Year
"Apple iPhone 14 Pro - Unboxed (Deep Purple, 1 TB)",169900.0,N/A,1 TB ROM,15.49 cm (6.1 inch) Super Retina XDR Display,48MP + 12MP + 12MP | 12MP Front Camera,"A16 Bionic Chip, 6 Core Processor Processor",1 Year Warranty for Phone and 6 Months Warranty for In-Box Accessories
"Apple iPhone 15 - Unboxed (Black, 256 GB)",89900.0,N/A,256 GB ROM,15.49 cm (6.1 inch) Super Retina XDR Display,48MP + 12MP | 12MP Front Camera,"A16 Bionic Chip, 6 Core Processor Processor",1 Year Warranty for Phone and 6 Months Warranty for In-Box Accessories
"Apple iPhone 15 - Unboxed (Pink, 256 GB)",89900.0,N/A,256 GB ROM,15.49 cm (6.1 inch) Super Retina XDR Display,48MP + 12MP | 12MP Front Camera,"A16 Bionic Chip, 6 Core Processor Processor",1 Year Warranty for Phone and 6 Months Warranty for In-Box Accessories
"Apple iPhone 13 Pro (Gold, 1 TB)",169900.0,N/A,1 TB ROM,15.49 cm (6.1 inch) Super Retina XDR Display,12MP + 12MP + 12MP | 12MP Front Camera,A15 Bionic Chip Processor,Brand Warranty for 1 Year
"Apple iPhone 15 - Unboxed (Yellow, 512 GB)",109900.0,N/A,512 GB ROM,15.49 cm (6.1 inch) Super Retina XDR Display,48MP + 12MP | 12MP Front Camera,"A16 Bionic Chip, 6 Core Processor Processor",1 Year Warranty for Phone and 6 Months Warranty for In-Box Accessories
"Apple iPhone 15 - Unboxed (Yellow, 256 GB)",89900.0,N/A,256 GB ROM,15.49 cm (6.1 inch) Super Retina XDR Display,48MP + 12MP | 12MP Front Camera,"A16 Bionic Chip, 6 Core Processor Processor",1 Year Warranty for Phone and 6 Months Warranty for In-Box Accessories
"Apple iPhone 15 Pro - Unboxed (White Titanium, 512 GB)",164900.0,N/A,512 GB ROM,15.49 cm (6.1 inch) Super Retina XDR Display,48MP + 12MP + 12MP | 12MP Front Camera,"A17 Pro Chip, 6 Core Processor Processor",1 Year Warranty for Phone and 6 Months Warranty for In-Box Accessories
"Apple iPhone 13 Pro (Graphite, 1 TB)",169900.0,N/A,1 TB ROM,15.49 cm (6.1 inch) Super Retina XDR Display,12MP + 12MP + 12MP | 12MP Front Camera,A15 Bionic Chip Processor,Brand Warranty for 1 Year
"Apple iPhone 14 - Unboxed ((PRODUCT)RED, 512 GB)",99900.0,N/A,512 GB ROM,15.49 cm (6.1 inch) Super Retina XDR Display,12MP + 12MP | 12MP Front Camera,"A15 Bionic Chip, 6 Core Processor Processor",1 Year Warranty for Phone and 6 Months Warranty for In-Box Accessories
"Apple iPhone 13 Pro (Graphite, 512 GB)",149900.0,N/A,512 GB ROM,15.49 cm (6.1 inch) Super Retina XDR Display,12MP + 12MP + 12MP | 12MP Front Camera,A15 Bionic Chip Processor,Brand Warranty for 1 Year
"Apple iPhone 15 - Unboxed (Pink, 512 GB)",109900.0,N/A,512 GB ROM,15.49 cm (6.1 inch) Super Retina XDR Display,48MP + 12MP | 12MP Front Camera,"A16 Bionic Chip, 6 Core Processor Processor",1 Year Warranty for Phone and 6 Months Warranty for In-Box Accessories
"Apple iPhone 13 Pro (Sierra Blue, 512 GB)",149900.0,N/A,512 GB ROM,15.49 cm (6.1 inch) Super Retina XDR Display,12MP + 12MP + 12MP | 12MP Front Camera,A15 Bionic Chip Processor,Brand Warranty for 1 Year
"Apple iPhone 15 Pro - Unboxed (White Titanium, 256 GB)",144900.0,N/A,256 GB ROM,15.49 cm (6.1 inch) Super Retina XDR Display,48MP + 12MP + 12MP | 12MP Front Camera,"A17 Pro Chip, 6 Core Processor Processor",1 Year Warranty for Phone and 6 Months Warranty for In-Box Accessories
"Apple iPhone 15 Pro - Unboxed (Natural Titanium, 512 GB)",164900.0,N/A,512 GB ROM,15.49 cm (6.1 inch) Super Retina XDR Display,48MP + 12MP + 12MP | 12MP Front Camera,"A17 Pro Chip, 6 Core Processor Processor",1 Year Warranty for Phone and 6 Months Warranty for In-Box Accessories
"Apple iPhone 15 Pro - Unboxed (Blue Titanium, 128 GB)",134900.0,N/A,128 GB ROM,15.49 cm (6.1 inch) Super Retina XDR Display,48MP + 12MP + 12MP | 12MP Front Camera,"A17 Pro Chip, 6 Core Processor Processor",1 Year Warranty for Phone and 6 Months Warranty for In-Box Accessories
"Apple iPhone 13 Pro (Silver, 256 GB)",129900.0,N/A,256 GB ROM,15.49 cm (6.1 inch) Super Retina XDR Display,12MP + 12MP + 12MP | 12MP Front Camera,A15 Bionic Chip Processor,Brand Warranty for 1 Year
"Apple iPhone 8 (PRODUCT)RED (Red, 256 GB)",81500.0,N/A,256 GB ROM,11.94 cm (4.7 inch) Retina HD Display,12MP Rear Camera | 7MP Front Camera,"A11 Bionic Chip with 64-bit Architecture, Neural Engine, Embedded M11 Motion Coprocessor Processor",Brand Warranty of 1 Year
"Apple iPhone 11 Pro (Space Grey, 512 GB)",140300.0,N/A,512 GB ROM,14.73 cm (5.8 inch) Super Retina XDR Display,12MP + 12MP + 12MP | 12MP Front Camera,A13 Bionic Chip Processor,Brand Warranty for 1 Year
"Apple iPhone 6 Plus (Space Grey, 16 GB)",39999.0,N/A,16 GB ROM,13.97 cm (5.5 inch) Retina HD Display,8MP Rear Camera | 1.2MP Front Camera,Apple A8 64-bit processor and M8 Motion Co-processor,1 Year Manufacturer Warranty
"Apple iPhone SE (Red, 256 GB)",54900.0,N/A,256 GB ROM,11.94 cm (4.7 inch) Retina HD Display,12MP Rear Camera | 7MP Front Camera,A13 Bionic Chip with 3rd Gen Neural Engine Processor,"Water and Dust Resistant (1 meter for Upto 30 minutes, IP67)"
"Apple iPhone 13 Pro (Alpine Green, 128 GB)",119900.0,N/A,128 GB ROM,15.49 cm (6.1 inch) Super Retina XDR Display,12MP + 12MP + 12MP | 12MP Front Camera,A15 Bionic Chip Processor,Brand Warranty for 1 Year
"Apple iPhone 13 Pro (Sierra Blue, 512 GB)",149900.0,N/A,512 GB ROM,15.49 cm (6.1 inch) Super Retina XDR Display,12MP + 12MP + 12MP | 12MP Front Camera,A15 Bionic Chip Processor,Brand Warranty for 1 Year
"Apple iPhone XR (Blue, 128 GB) (Includes EarPods, Power Adapter)",52900.0,N/A,128 GB ROM,15.49 cm (6.1 inch) Display,12MP Rear Camera | 7MP Front Camera,A12 Bionic Chip Processor,iOS 13 Compatible
"Apple iPhone 7 Plus (Silver, 32 GB)",37900.0,N/A,32 GB ROM,13.94 cm (5.488 inch) Retina HD Display,12MP + 12MP | 7MP Front Camera,Apple A10 Fusion 64-bit processor and Embedded M10 Motion Co-processor,iOS 13 Compatible
"Apple iPhone 7 (Black, 256 GB)",74400.0,N/A,256 GB ROM,11.94 cm (4.7 inch) Retina HD Display,12MP Rear Camera | 7MP Front Camera,A10 Fusion Chip with 64-bit Architecture and Embedded M10 Motion Co-processor,Brand Warranty of 1 Year
"Apple iPhone XS (Space Grey, 512 GB)",134900.0,N/A,512 GB ROM,14.73 cm (5.8 inch) Super Retina HD Display,12MP + 12MP | 7MP Front Camera,A12 Bionic Chip Processor,1 Year Limited Warranty for Products and Accessories
"Apple iPhone XR (White, 128 GB)",52900.0,N/A,128 GB ROM,15.49 cm (6.1 inch) Display,12MP Rear Camera | 7MP Front Camera,A12 Bionic Chip Processor,"Water and Dust Resistant (1 meter for Upto 30 minutes, IP67)"
"Apple iPhone 11 Pro (Silver, 512 GB)",140300.0,N/A,512 GB ROM,14.73 cm (5.8 inch) Super Retina XDR Display,12MP + 12MP + 12MP | 12MP Front Camera,A13 Bionic Chip Processor,Brand Warranty for 1 Year
"Apple iPhone 6 Plus (Space Grey, 64 GB)",48999.0,N/A,64 GB ROM,13.97 cm (5.5 inch) Retina HD Display,8MP Rear Camera | 1.2MP Front Camera,A8 Chip with 64-bit Architecture and M8 Motion Co-processor,1 Year Manufacturer Warranty
"Apple iPhone 13 Pro Max (Sierra Blue, 256 GB)",139900.0,N/A,256 GB ROM,17.02 cm (6.7 inch) Super Retina XDR Display,12MP + 12MP + 12MP | 12MP Front Camera,A15 Bionic Chip Processor,Brand Warranty for 1 Year
"Apple iPhone 7 (Silver, 32 GB)",31500.0,N/A,32 GB ROM,11.94 cm (4.7 inch) Retina HD Display,12MP Rear Camera | 7MP Front Camera,Apple A10 Fusion 64-bit processor and Embedded M10 Motion Co-processor,iOS 13 Compatible
"Apple iPhone 11 Pro (Gold, 512 GB)",140300.0,N/A,512 GB ROM,14.73 cm (5.8 inch) Super Retina XDR Display,12MP + 12MP + 12MP | 12MP Front Camera,A13 Bionic Chip Processor,Brand Warranty for 1 Year
"Apple iPhone 13 Pro Max (Gold, 512 GB)",159900.0,N/A,512 GB ROM,17.02 cm (6.7 inch) Super Retina XDR Display,12MP + 12MP + 12MP | 12MP Front Camera,A15 Bionic Chip Processor,Brand Warranty for 1 Year
"Apple iPhone XR ((PRODUCT)RED, 256 GB) (Includes EarPods, Power Adapter)",91900.0,N/A,256 GB ROM,15.49 cm (6.1 inch) Display,12MP Rear Camera | 7MP Front Camera,A12 Bionic Chip Processor,Brand Warranty of 1 Year
"Apple iPhone 7 Plus (Gold, 256 GB)",85400.0,N/A,256 GB ROM,13.97 cm (5.5 inch) Retina HD Display,12MP + 12MP | 7MP Front Camera,A10 Fusion Chip with 64-bit Architecture and Embedded M10 Motion Co-processor,Brand Warranty of 1 Year
"Apple iPhone SE (Red, 128 GB)",44900.0,N/A,128 GB ROM,11.94 cm (4.7 inch) Retina HD Display,12MP Rear Camera | 7MP Front Camera,A13 Bionic Chip with 3rd Gen Neural Engine Processor,"Water and Dust Resistant (1 meter for Upto 30 minutes, IP67)"
"Apple iPhone 7 (Rose Gold, 256 GB)",74400.0,N/A,256 GB ROM,11.94 cm (4.7 inch) Retina HD Display,12MP Rear Camera | 7MP Front Camera,A10 Fusion Chip with 64-bit Architecture and Embedded M10 Motion Co-processor,Brand Warranty of 1 Year
"Apple iPhone XR (Yellow, 64 GB) (Includes EarPods, Power Adapter)",47900.0,N/A,64 GB ROM,15.49 cm (6.1 inch) Display,12MP Rear Camera | 7MP Front Camera,A12 Bionic Chip Processor,iOS 13 Compatible
"Apple iPhone XR ((PRODUCT)RED, 128 GB)",52900.0,N/A,128 GB ROM,15.49 cm (6.1 inch) Display,12MP Rear Camera | 7MP Front Camera,A12 Bionic Chip Processor,"Water and Dust Resistant (1 meter for Upto 30 minutes, IP67)"
"Apple iPhone 7 (PRODUCT) (Red, 256 GB)",74400.0,N/A,256 GB ROM,11.94 cm (4.7 inch) Retina HD Display,12MP Rear Camera | 7MP Front Camera,A10 Fusion Chip with 64-bit Architecture and Embedded M10 Motion Co-processor,Brand Warranty of 1 Year
"Apple iPhone 8 (PRODUCT)RED (Red, 256 GB)",81500.0,N/A,256 GB ROM,11.94 cm (4.7 inch) Retina HD Display,12MP Rear Camera | 7MP Front Camera,"A11 Bionic Chip with 64-bit Architecture, Neural Engine, Embedded M11 Motion Coprocessor Processor",Brand Warranty of 1 Year
"Apple iPhone SE (Red, 256 GB)",54900.0,N/A,256 GB ROM,11.94 cm (4.7 inch) Retina HD Display,12MP Rear Camera | 7MP Front Camera,A13 Bionic Chip with 3rd Gen Neural Engine Processor,"Water and Dust Resistant (1 meter for Upto 30 minutes, IP67)"
"Apple iPhone 13 Pro (Silver, 256 GB)",129900.0,N/A,256 GB ROM,15.49 cm (6.1 inch) Super Retina XDR Display,12MP + 12MP + 12MP | 12MP Front Camera,A15 Bionic Chip Processor,Brand Warranty for 1 Year
"Apple iPhone XR (Black, 256 GB) (Includes EarPods, Power Adapter)",91900.0,N/A,256 GB ROM,15.49 cm (6.1 inch) Display,12MP Rear Camera | 7MP Front Camera,A12 Bionic Chip Processor,Brand Warranty of 1 Year
"Apple iPhone 7 - Unboxed (Black, 32 GB)",94500.0,N/A,32 GB ROM,11.94 cm (4.7 inch) Retina HD Display,12MP Rear Camera | 7MP Front Camera,Apple A10 Fusion 64-bit processor and Embedded M10 Motion Co-processor,iOS 13 Compatible
"Apple iPhone XR (Coral, 128 GB)",52900.0,N/A,128 GB ROM,15.49 cm (6.1 inch) Display,12MP Rear Camera | 7MP Front Camera,A12 Bionic Chip Processor,"Water and Dust Resistant (1 meter for Upto 30 minutes, IP67)"
"Apple iPhone 14 Plus - Unboxed (Midnight, 512 GB)",109900.0,N/A,512 GB ROM,17.02 cm (6.7 inch) Super Retina XDR Display,12MP + 12MP | 12MP Front Camera,"A15 Bionic Chip, 6 Core Processor Processor",1 Year Warranty for Phone and 6 Months Warranty for In-Box Accessories
"Apple iPhone 7 Plus (Silver, 32 GB)",37900.0,N/A,32 GB ROM,13.94 cm (5.488 inch) Retina HD Display,12MP + 12MP | 7MP Front Camera,Apple A10 Fusion 64-bit processor and Embedded M10 Motion Co-processor,iOS 13 Compatible
"Apple iPhone 11 Pro (Space Grey, 512 GB)",140300.0,N/A,512 GB ROM,14.73 cm (5.8 inch) Super Retina XDR Display,12MP + 12MP + 12MP | 12MP Front Camera,A13 Bionic Chip Processor,Brand Warranty for 1 Year
"Apple iPhone 13 Pro (Alpine Green, 256 GB)",129900.0,N/A,256 GB ROM,15.49 cm (6.1 inch) Super Retina XDR Display,12MP + 12MP + 12MP | 12MP Front Camera,A15 Bionic Chip Processor,Brand Warranty for 1 Year
"Apple iPhone 15 Plus - Unboxed (Green, 512 GB)",119900.0,N/A,512 GB ROM,17.02 cm (6.7 inch) Super Retina XDR Display,48MP + 12MP | 12MP Front Camera,"A16 Bionic Chip, 6 Core Processor Processor",1 Year Warranty for Phone and 6 Months Warranty for In-Box Accessories
"Apple iPhone 7 - Unboxed (Gold, 32 GB)",94500.0,N/A,32 GB ROM,11.94 cm (4.7 inch) Retina HD Display,12MP Rear Camera | 7MP Front Camera,Apple A10 Fusion 64-bit processor and Embedded M10 Motion Co-processor,iOS 13 Compatible
"Apple iPhone 7 Plus (Silver, 128 GB)",42900.0,N/A,128 GB ROM,13.94 cm (5.488 inch) Retina HD Display,12MP + 12MP | 7MP Front Camera,Apple A10 Fusion 64-bit processor and Embedded M10 Motion Co-processor,Brand Warranty of 1 Year
"Apple iPhone XR (Yellow, 64 GB)",47900.0,N/A,64 GB ROM,15.49 cm (6.1 inch) Display,12MP Rear Camera | 7MP Front Camera,A12 Bionic Chip Processor,Brand Warranty of 1 Year
"Apple iPhone 13 Pro (Gold, 128 GB)",119900.0,N/A,128 GB ROM,15.49 cm (6.1 inch) Super Retina XDR Display,12MP + 12MP + 12MP | 12MP Front Camera,A15 Bionic Chip Processor,Brand Warranty for 1 Year
"Apple iPhone 14 Plus - Unboxed (Yellow, 512 GB)",109900.0,N/A,512 GB ROM,17.02 cm (6.7 inch) Super Retina XDR Display,12MP + 12MP | 12MP Front Camera,"A15 Bionic Chip, 6 Core Processor Processor",1 Year Warranty for Phone and 6 Months Warranty for In-Box Accessories
"Apple iPhone 12 Pro (Pacific Blue, 512 GB)",139900.0,N/A,512 GB ROM,15.49 cm (6.1 inch) Super Retina XDR Display,12MP + 12MP + 12MP | 12MP Front Camera,A14 Bionic Chip with Next Generation Neural Engine Processor,Ceramic Shield | Industry-leading IP68 Water Resistance
"Apple iPhone 7 Plus (Rose Gold, 256 GB)",85400.0,N/A,256 GB ROM,13.97 cm (5.5 inch) Retina HD Display,12MP + 12MP | 7MP Front Camera,Apple A10 Fusion 64-bit processor and Embedded M10 Motion Co-processor,Brand Warranty of 1 Year
"Apple iPhone 12 Pro (Graphite, 512 GB)",139900.0,N/A,512 GB ROM,15.49 cm (6.1 inch) Super Retina XDR Display,12MP + 12MP + 12MP | 12MP Front Camera,A14 Bionic Chip with Next Generation Neural Engine Processor,Ceramic Shield | Industry-leading IP68 Water Resistance
"Apple iPhone SE 3rd Gen - Unboxed (Midnight, 128 GB)",54900.0,N/A,128 GB ROM,11.94 cm (4.7 inch) Retina HD Display,12MP Rear Camera | 7MP Front Camera,"A15 Bionic Chip, 6 Core Processor Processor",Brand Warranty of 1 Year
"Apple iPhone 7 (Rose Gold, 32 GB)",31500.0,N/A,32 GB ROM,11.94 cm (4.7 inch) Retina HD Display,12MP Rear Camera | 7MP Front Camera,Apple A10 Fusion 64-bit processor and Embedded M10 Motion Co-processor,iOS 13 Compatible
"Apple iPhone XS (Gold, 512 GB)",134900.0,N/A,512 GB ROM,14.73 cm (5.8 inch) Super Retina HD Display,12MP + 12MP | 7MP Front Camera,A12 Bionic Chip Processor,1 Year Limited Warranty for Products and Accessories
"Apple iPhone XR (Blue, 64 GB)",47900.0,N/A,64 GB ROM,15.49 cm (6.1 inch) Display,12MP Rear Camera | 7MP Front Camera,A12 Bionic Chip Processor,"Water and Dust Resistant (1 meter for Upto 30 minutes, IP67)"
"Apple iPhone 14 Pro (Deep Purple, 1 TB)",169900.0,N/A,1 TB ROM,15.49 cm (6.1 inch) Super Retina XDR Display,48MP + 12MP + 12MP | 12MP Front Camera,"A16 Bionic Chip, 6 Core Processor Processor",1 Year Warranty for Phone and 6 Months Warranty for In-Box Accessories
"Apple iPhone 14 Pro (Gold, 256 GB)",129900.0,N/A,256 GB ROM,15.49 cm (6.1 inch) Super Retina XDR Display,48MP + 12MP + 12MP | 12MP Front Camera,"A16 Bionic Chip, 6 Core Processor Processor",1 Year Warranty for Phone and 6 Months Warranty for In-Box Accessories
"Apple iPhone 12 Pro (Gold, 128 GB)",109900.0,N/A,128 GB ROM,15.49 cm (6.1 inch) Super Retina XDR Display,12MP + 12MP + 12MP | 12MP Front Camera,A14 Bionic Chip with Next Generation Neural Engine Processor,Ceramic Shield | Industry-leading IP68 Water Resistance
"Apple iPhone 6s (Silver, 16 GB)",41999.0,N/A,16 GB ROM,11.94 cm (4.7 inch) Retina HD Display,12MP Rear Camera | 5MP Front Camera,A9 Chip with 64-bit Architecture and M9 Motion Co-processor,Brand Warranty of 1 Year
"Apple iPhone XS Max (Silver, 512 GB)",144900.0,N/A,512 GB ROM,16.51 cm (6.5 inch) Super Retina HD Display,12MP + 12MP | 7MP Front Camera,A12 Bionic Chip Processor,1 Year Limited Warranty for Products and Accessories
"Apple iPhone SE (Red, 64 GB)",39900.0,N/A,64 GB ROM,11.94 cm (4.7 inch) Retina HD Display,12MP Rear Camera | 7MP Front Camera,A13 Bionic Chip with 3rd Gen Neural Engine Processor,"Water and Dust Resistant (1 meter for Upto 30 minutes, IP67)"
"Apple iPhone 6s Plus (Space Grey, 32 GB)",34900.0,N/A,32 GB ROM,13.97 cm (5.5 inch) Retina HD Display,12MP Rear Camera | 5MP Front Camera,Apple A9 64-bit processor and Embedded M9 Motion Co-processor,Brand Warranty of 1 Year
"Apple iPhone 13 Pro Max (Alpine Green, 256 GB)",139900.0,N/A,256 GB ROM,17.02 cm (6.7 inch) Super Retina XDR Display,12MP + 12MP + 12MP | 12MP Front Camera,A15 Bionic Chip Processor,Brand Warranty for 1 Year
"Apple iPhone 11 Pro Max (Space Grey, 256 GB)",131900.0,N/A,256 GB ROM,16.51 cm (6.5 inch) Super Retina XDR Display,12MP + 12MP + 12MP | 12MP Front Camera,A13 Bionic Chip Processor,Brand Warranty for 1 Year
"Apple iPhone 14 Pro (Gold, 1 TB)",169900.0,N/A,1 TB ROM,15.49 cm (6.1 inch) Super Retina XDR Display,48MP + 12MP + 12MP | 12MP Front Camera,"A16 Bionic Chip, 6 Core Processor Processor",1 Year Warranty for Phone and 6 Months Warranty for In-Box Accessories
"Apple iPhone 6s (Silver, 128 GB)",55999.0,N/A,128 GB ROM,11.94 cm (4.7 inch) Retina HD Display,12MP Rear Camera | 5MP Front Camera,A9 Chip with 64-bit Architecture and M9 Motion Co-processor,Brand Warranty of 1 Year
"Apple iPhone XR ((PRODUCT)RED, 64 GB)",47900.0,N/A,64 GB ROM,15.49 cm (6.1 inch) Display,12MP Rear Camera | 7MP Front Camera,A12 Bionic Chip Processor,"Water and Dust Resistant (1 meter for Upto 30 minutes, IP67)"
"Apple iPhone XS (Space Grey, 256 GB)",103900.0,N/A,256 GB ROM,14.73 cm (5.8 inch) Super Retina HD Display,12MP + 12MP | 7MP Front Camera,A12 Bionic Chip Processor,1 Year Limited Warranty for Products and Accessories
"Apple iPhone 7 (Gold, 32 GB)",31500.0,N/A,32 GB ROM,11.94 cm (4.7 inch) Retina HD Display,12MP Rear Camera | 7MP Front Camera,Apple A10 Fusion 64-bit processor and Embedded M10 Motion Co-processor,iOS 13 Compatible
"Apple iPhone 6s (Gold, 16 GB)",41999.0,N/A,16 GB ROM,11.94 cm (4.7 inch) Retina HD Display,12MP Rear Camera | 5MP Front Camera,A9 Chip with 64-bit Architecture and M9 Motion Co-processor,Brand Warranty of 1 Year
"Apple iPhone 13 Pro Max (Gold, 128 GB)",129900.0,N/A,128 GB ROM,17.02 cm (6.7 inch) Super Retina XDR Display,12MP + 12MP + 12MP | 12MP Front Camera,A15 Bionic Chip Processor,Brand Warranty for 1 Year
"Apple iPhone 13 mini (Blue, 256 GB)",74900.0,N/A,256 GB ROM,13.72 cm (5.4 inch) Super Retina XDR Display,12MP + 12MP | 12MP Front Camera,A15 Bionic Chip Processor,Brand Warranty for 1 Year
"Apple iPhone SE 3rd Gen (Starlight, 256 GB)",64900.0,N/A,256 GB ROM,11.94 cm (4.7 inch) Retina HD Display,12MP Rear Camera | 7MP Front Camera,"A15 Bionic Chip, 6 Core Processor Processor",Brand Warranty of 1 Year
"Apple iPhone 13 mini (Green, 256 GB)",74900.0,N/A,256 GB ROM,13.72 cm (5.4 inch) Super Retina XDR Display,12MP + 12MP | 12MP Front Camera,A15 Bionic Chip Processor,Brand Warranty for 1 Year
"Apple iPhone 6s Plus (Silver, 64 GB)",59999.0,N/A,64 GB ROM,13.97 cm (5.5 inch) Retina HD Display,12MP Rear Camera | 5MP Front Camera,A9 Chip with 64-bit Architecture and M9 Motion Co-processor,Brand Warranty of 1 Year
"Apple iPhone 13 Pro (Graphite, 256 GB)",129900.0,N/A,256 GB ROM,15.49 cm (6.1 inch) Super Retina XDR Display,12MP + 12MP + 12MP | 12MP Front Camera,A15 Bionic Chip Processor,Brand Warranty for 1 Year
"Apple iPhone 6 Plus (Silver, 128 GB)",48999.0,N/A,128 GB ROM,13.97 cm (5.5 inch) Retina HD Display,8MP Rear Camera | 1.2MP Front Camera,A8 Chip with 64-bit Architecture and M8 Motion Co-processor,1 Year Manufacturer Warranty
"Apple iPhone 7 Plus (Gold, 32 GB)",37900.0,N/A,32 GB ROM,13.94 cm (5.488 inch) Retina HD Display,12MP + 12MP | 7MP Front Camera,Apple A10 Fusion 64-bit processor and Embedded M10 Motion Co-processor,iOS 13 Compatible
"Apple iPhone 6s Plus (Gold, 16 GB)",49999.0,N/A,16 GB ROM,13.97 cm (5.5 inch) Retina HD Display,12MP Rear Camera | 5MP Front Camera,A9 Chip with 64-bit Architecture and M9 Motion Co-processor,Brand Warranty of 1 Year
"Apple iPhone 7 (Jet Black, 32 GB)",31500.0,N/A,32 GB ROM,11.94 cm (4.7 inch) Retina HD Display,12MP Rear Camera | 7MP Front Camera,Apple A10 Fusion 64-bit processor and Embedded M10 Motion Co-processor,iOS 13 Compatible
"Apple iPhone 15 Plus - Unboxed (Blue, 512 GB)",119900.0,N/A,512 GB ROM,17.02 cm (6.7 inch) Super Retina XDR Display,48MP + 12MP | 12MP Front Camera,"A16 Bionic Chip, 6 Core Processor Processor",1 Year Warranty for Phone and 6 Months Warranty for In-Box Accessories
"Apple iPhone 13 mini (Pink, 512 GB)",94900.0,N/A,512 GB ROM,13.72 cm (5.4 inch) Super Retina XDR Display,12MP + 12MP | 12MP Front Camera,A15 Bionic Chip Processor,Brand Warranty for 1 Year
"Apple iPhone 14 - Unboxed (Blue, 128 GB)",419400.0,N/A,128 GB ROM,15.49 cm (6.1 inch) Super Retina XDR Display,12MP + 12MP | 12MP Front Camera,"A15 Bionic Chip, 6 Core Processor Processor",1 Year Warranty for Phone and 6 Months Warranty for In-Box Accessories
"Apple iPhone 6s Plus (Space Grey, 64 GB)",59999.0,N/A,64 GB ROM,13.97 cm (5.5 inch) Retina HD Display,12MP Rear Camera | 5MP Front Camera,A9 Chip with 64-bit Architecture and M9 Motion Co-processor,Brand Warranty of 1 Year
"Apple iPhone 7 - Unboxed (Rose Gold, 128 GB)",104700.0,N/A,128 GB ROM,11.94 cm (4.7 inch) Retina HD Display,12MP Rear Camera | 7MP Front Camera,A10 Fusion Chip with 64-bit Architecture and Embedded M10 Motion Co-processor,Brand Warranty of 1 Year
"Apple iPhone 13 Pro (Silver, 1 TB)",169900.0,N/A,1 TB ROM,15.49 cm (6.1 inch) Super Retina XDR Display,12MP + 12MP + 12MP | 12MP Front Camera,A15 Bionic Chip Processor,Brand Warranty for 1 Year
"Apple iPhone 6s (Rose Gold, 128 GB)",55999.0,N/A,128 GB ROM,11.94 cm (4.7 inch) Retina HD Display,12MP Rear Camera | 5MP Front Camera,A9 Chip with 64-bit Architecture and M9 Motion Co-processor,Brand Warranty of 1 Year
"Apple iPhone 13 - Unboxed (Green, 512 GB)",89900.0,N/A,512 GB ROM,15.49 cm (6.1 inch) Super Retina XDR Display,12MP + 12MP | 12MP Front Camera,A15 Bionic Chip Processor,Brand Warranty for 1 Year
"Apple iPhone SE 3rd Gen (Product (Red), 256 GB)",64900.0,N/A,256 GB ROM,11.94 cm (4.7 inch) Retina HD Display,12MP Rear Camera | 7MP Front Camera,"A15 Bionic Chip, 6 Core Processor Processor",Brand Warranty of 1 Year
"Apple iPhone 12 Pro (Gold, 128 GB)",109900.0,N/A,128 GB ROM,15.49 cm (6.1 inch) Super Retina XDR Display,12MP + 12MP + 12MP | 12MP Front Camera,A14 Bionic Chip with Next Generation Neural Engine Processor,Ceramic Shield | Industry-leading IP68 Water Resistance
"Apple iPhone 15 Plus - Unboxed (Black, 256 GB)",99900.0,N/A,256 GB ROM,17.02 cm (6.7 inch) Super Retina XDR Display,48MP + 12MP | 12MP Front Camera,"A16 Bionic Chip, 6 Core Processor Processor",1 Year Warranty for Phone and 6 Months Warranty for In-Box Accessories
"Apple iPhone XR ((PRODUCT)RED, 64 GB)",47900.0,N/A,64 GB ROM,15.49 cm (6.1 inch) Display,12MP Rear Camera | 7MP Front Camera,A12 Bionic Chip Processor,"Water and Dust Resistant (1 meter for Upto 30 minutes, IP67)"
"Apple iPhone XR (Blue, 128 GB)",52900.0,N/A,128 GB ROM,15.49 cm (6.1 inch) Display,12MP Rear Camera | 7MP Front Camera,A12 Bionic Chip Processor,Brand Warranty of 1 Year
"Apple iPhone 8 Plus (Gold, 256 GB)",84900.0,N/A,256 GB ROM,13.97 cm (5.5 inch) Retina HD Display,12MP + 12MP | 7MP Front Camera,"A11 Bionic Chip with 64-bit Architecture, Neural Engine, Embedded M11 Motion Coprocessor Processor",Brand Warranty of 1 Year
"Apple iPhone 6s Plus (Space Grey, 128 GB)",92000.0,N/A,128 GB ROM,13.97 cm (5.5 inch) Retina HD Display,12MP Rear Camera | 5MP Front Camera,A9 Chip with 64-bit Architecture and M9 Motion Co-processor,Brand Warranty of 1 Year
"Apple iPhone 14 Pro - Unboxed (Gold, 256 GB)",129900.0,N/A,256 GB ROM,15.49 cm (6.1 inch) Super Retina XDR Display,48MP + 12MP + 12MP | 12MP Front Camera,"A16 Bionic Chip, 6 Core Processor Processor",1 Year Warranty for Phone and 6 Months Warranty for In-Box Accessories
"Apple iPhone SE 3rd Gen - Unboxed (Product (Red), 256 GB)",64900.0,N/A,256 GB ROM,11.94 cm (4.7 inch) Retina HD Display,12MP Rear Camera | 7MP Front Camera,"A15 Bionic Chip, 6 Core Processor Processor",Brand Warranty of 1 Year
"Apple iPhone SE (Red, 64 GB)",39900.0,N/A,64 GB ROM,11.94 cm (4.7 inch) Retina HD Display,12MP Rear Camera | 7MP Front Camera,A13 Bionic Chip with 3rd Gen Neural Engine Processor,"Water and Dust Resistant (1 meter for Upto 30 minutes, IP67)"
"Apple iPhone SE 3rd Gen - Unboxed (Starlight, 128 GB)",54900.0,N/A,128 GB ROM,11.94 cm (4.7 inch) Retina HD Display,12MP Rear Camera | 7MP Front Camera,"A15 Bionic Chip, 6 Core Processor Processor",Brand Warranty of 1 Year
"Apple iPhone 14 - Unboxed (Yellow, 128 GB)",69900.0,N/A,128 GB ROM,15.49 cm (6.1 inch) Super Retina XDR Display,12MP + 12MP | 12MP Front Camera,"A15 Bionic Chip, 6 Core Processor Processor",1 Year Warranty for Phone and 6 Months Warranty for In-Box Accessories
"Apple iPhone 7 Plus (Jet Black, 256 GB)",85400.0,N/A,256 GB ROM,13.97 cm (5.5 inch) Retina HD Display,12MP + 12MP | 7MP Front Camera,Apple A10 Fusion 64-bit processor and Embedded M10 Motion Co-processor,Brand Warranty of 1 Year
"Apple iPhone 7 (Gold, 32 GB)",31500.0,N/A,32 GB ROM,11.94 cm (4.7 inch) Retina HD Display,12MP Rear Camera | 7MP Front Camera,Apple A10 Fusion 64-bit processor and Embedded M10 Motion Co-processor,iOS 13 Compatible
"Apple iPhone 14 Plus - Unboxed (Purple, 512 GB)",109900.0,N/A,512 GB ROM,17.02 cm (6.7 inch) Super Retina XDR Display,12MP + 12MP | 12MP Front Camera,"A15 Bionic Chip, 6 Core Processor Processor",1 Year Warranty for Phone and 6 Months Warranty for In-Box Accessories
"Apple iPhone 6 Plus (Space Grey, 64 GB)",48999.0,N/A,64 GB ROM,13.97 cm (5.5 inch) Retina HD Display,8MP Rear Camera | 1.2MP Front Camera,A8 Chip with 64-bit Architecture and M8 Motion Co-processor,1 Year Manufacturer Warranty
"Apple iPhone XR (Blue, 64 GB) (Includes EarPods, Power Adapter)",47900.0,N/A,64 GB ROM,15.49 cm (6.1 inch) Display,12MP Rear Camera | 7MP Front Camera,A12 Bionic Chip Processor,iOS 13 Compatible
"Apple iPhone 6 Plus (Silver, 128 GB)",48999.0,N/A,128 GB ROM,13.97 cm (5.5 inch) Retina HD Display,8MP Rear Camera | 1.2MP Front Camera,A8 Chip with 64-bit Architecture and M8 Motion Co-processor,1 Year Manufacturer Warranty
"Apple iPhone XS (Space Grey, 256 GB)",103900.0,N/A,256 GB ROM,14.73 cm (5.8 inch) Super Retina HD Display,12MP + 12MP | 7MP Front Camera,A12 Bionic Chip Processor,1 Year Limited Warranty for Products and Accessories
"Apple iPhone SE (Black, 128 GB) (Includes EarPods, Power Adapter)",44900.0,N/A,128 GB ROM,11.94 cm (4.7 inch) Retina HD Display,12MP Rear Camera | 7MP Front Camera,A13 Bionic Chip with 3rd Gen Neural Engine Processor,"Water and Dust Resistant (1 meter for Upto 30 minutes, IP67)"
"Apple iPhone SE 3rd Gen (Midnight, 256 GB)",64900.0,N/A,256 GB ROM,11.94 cm (4.7 inch) Retina HD Display,12MP Rear Camera | 7MP Front Camera,"A15 Bionic Chip, 6 Core Processor Processor",Brand Warranty of 1 Year
"Apple iPhone 6s (Silver, 64 GB)",49999.0,N/A,64 GB ROM,11.94 cm (4.7 inch) Retina HD Display,12MP Rear Camera | 5MP Front Camera,A9 Chip with 64-bit Architecture and M9 Motion Co-processor,Brand Warranty of 1 Year
"Apple iPhone 12 Pro (Graphite, 256 GB)",119900.0,N/A,256 GB ROM,15.49 cm (6.1 inch) Super Retina XDR Display,12MP + 12MP + 12MP | 12MP Front Camera,A14 Bionic Chip with Next Generation Neural Engine Processor,Ceramic Shield | Industry-leading IP68 Water Resistance
"Apple iPhone SE 3rd Gen - Unboxed (Product (Red), 64 GB)",49900.0,N/A,64 GB ROM,11.94 cm (4.7 inch) Retina HD Display,12MP Rear Camera | 7MP Front Camera,"A15 Bionic Chip, 6 Core Processor Processor",Brand Warranty of 1 Year
"Apple iPhone 14 Pro (Gold, 1 TB)",169900.0,N/A,1 TB ROM,15.49 cm (6.1 inch) Super Retina XDR Display,48MP + 12MP + 12MP | 12MP Front Camera,"A16 Bionic Chip, 6 Core Processor Processor",1 Year Warranty for Phone and 6 Months Warranty for In-Box Accessories
"Apple iPhone 14 Pro - Unboxed (Deep Purple, 256 GB)",129900.0,N/A,256 GB ROM,15.49 cm (6.1 inch) Super Retina XDR Display,48MP + 12MP + 12MP | 12MP Front Camera,"A16 Bionic Chip, 6 Core Processor Processor",1 Year Warranty for Phone and 6 Months Warranty for In-Box Accessories
"Apple iPhone XS Max (Silver, 512 GB)",144900.0,N/A,512 GB ROM,16.51 cm (6.5 inch) Super Retina HD Display,12MP + 12MP | 7MP Front Camera,A12 Bionic Chip Processor,1 Year Limited Warranty for Products and Accessories
"Apple iPhone 7 (Rose Gold, 256 GB)",74400.0,N/A,256 GB ROM,11.94 cm (4.7 inch) Retina HD Display,12MP Rear Camera | 7MP Front Camera,A10 Fusion Chip with 64-bit Architecture and Embedded M10 Motion Co-processor,Brand Warranty of 1 Year
"Apple iPhone 6s (Gold, 16 GB)",41999.0,N/A,16 GB ROM,11.94 cm (4.7 inch) Retina HD Display,12MP Rear Camera | 5MP Front Camera,A9 Chip with 64-bit Architecture and M9 Motion Co-processor,Brand Warranty of 1 Year
"Apple iPhone 14 Pro Max (Silver, 512 GB)",157999.0,N/A,512 GB ROM,17.02 cm (6.7 inch) Super Retina XDR Display,48MP + 12MP + 12MP | 12MP Front Camera,"A16 Bionic Chip, 6 Core Processor Processor",1 Year Warranty for Phone and 6 Months Warranty for In-Box Accessories
"Apple iPhone SE (Red, 128 GB)",44900.0,N/A,128 GB ROM,11.94 cm (4.7 inch) Retina HD Display,12MP Rear Camera | 7MP Front Camera,A13 Bionic Chip with 3rd Gen Neural Engine Processor,"Water and Dust Resistant (1 meter for Upto 30 minutes, IP67)"
"Apple iPhone 15 Pro - Unboxed (Natural Titanium, 128 GB)",134900.0,N/A,128 GB ROM,15.49 cm (6.1 inch) Super Retina XDR Display,48MP + 12MP + 12MP | 12MP Front Camera,"A17 Pro Chip, 6 Core Processor Processor",1 Year Warranty for Phone and 6 Months Warranty for In-Box Accessories
"Apple iPhone 6s (Silver, 128 GB)",55999.0,N/A,128 GB ROM,11.94 cm (4.7 inch) Retina HD Display,12MP Rear Camera | 5MP Front Camera,A9 Chip with 64-bit Architecture and M9 Motion Co-processor,Brand Warranty of 1 Year
"Apple iPhone XR (Black, 64 GB)",47900.0,N/A,64 GB ROM,15.49 cm (6.1 inch) Display,12MP Rear Camera | 7MP Front Camera,A12 Bionic Chip Processor,"Water and Dust Resistant (1 meter for Upto 30 minutes, IP67)"
"Apple iPhone 6s (Silver, 16 GB)",41999.0,N/A,16 GB ROM,11.94 cm (4.7 inch) Retina HD Display,12MP Rear Camera | 5MP Front Camera,A9 Chip with 64-bit Architecture and M9 Motion Co-processor,Brand Warranty of 1 Year
"Apple iPhone 13 mini - Unboxed (Midnight, 256 GB)",74900.0,N/A,256 GB ROM,13.72 cm (5.4 inch) Super Retina XDR Display,12MP + 12MP | 12MP Front Camera,A15 Bionic Chip Processor,Brand Warranty for 1 Year
"Apple iPhone 6s - Unboxed (Rose Gold, 32 GB)",119960.0,N/A,32 GB ROM,11.94 cm (4.7 inch) Retina HD Display,12MP Rear Camera | 5MP Front Camera,Apple A9 64-bit processor and M9 Motion Co-processor,Brand Warranty of 1 Year
"Apple iPhone 7 (Jet Black, 128 GB)",34900.0,N/A,128 GB ROM,11.94 cm (4.7 inch) Retina HD Display,12MP Rear Camera | 7MP Front Camera,Apple A10 Fusion 64-bit processor and Embedded M10 Motion Co-processor,Brand Warranty of 1 Year
"Apple iPhone 6s (Gold, 128 GB)",55999.0,N/A,128 GB ROM,11.94 cm (4.7 inch) Retina HD Display,12MP Rear Camera | 5MP Front Camera,A9 Chip with 64-bit Architecture and M9 Motion Co-processor,Brand Warranty of 1 Year
"Apple iPhone 13 Pro Max (Silver, 128 GB)",129900.0,N/A,128 GB ROM,17.02 cm (6.7 inch) Super Retina XDR Display,12MP + 12MP + 12MP | 12MP Front Camera,A15 Bionic Chip Processor,Brand Warranty for 1 Year
"Apple iPhone XS (Gold, 64 GB)",89900.0,N/A,64 GB ROM,14.73 cm (5.8 inch) Super Retina HD Display,12MP + 12MP | 7MP Front Camera,A12 Bionic Chip Processor,1 Year Limited Warranty for Products and Accessories
"Apple iPhone 13 Pro (Sierra Blue, 1 TB)",169900.0,N/A,1 TB ROM,15.49 cm (6.1 inch) Super Retina XDR Display,12MP + 12MP + 12MP | 12MP Front Camera,A15 Bionic Chip Processor,Brand Warranty for 1 Year
"Apple iPhone 11 Pro (Silver, 64 GB)",106600.0,N/A,64 GB ROM,14.73 cm (5.8 inch) Super Retina XDR Display,12MP + 12MP + 12MP | 12MP Front Camera,A13 Bionic Chip Processor,Brand Warranty for 1 Year
"Apple iPhone 6s (Rose Gold, 32 GB)",29900.0,N/A,32 GB ROM,11.94 cm (4.7 inch) Retina HD Display,12MP Rear Camera | 5MP Front Camera,Apple A9 64-bit processor and M9 Motion Co-processor,Brand Warranty of 1 Year
"Apple iPhone 14 Pro (Silver, 512 GB)",149900.0,N/A,512 GB ROM,15.49 cm (6.1 inch) Super Retina XDR Display,48MP + 12MP + 12MP | 12MP Front Camera,"A16 Bionic Chip, 6 Core Processor Processor",1 Year Warranty for Phone and 6 Months Warranty for In-Box Accessories
"Apple iPhone XS Max (Silver, 64 GB)",109900.0,N/A,64 GB ROM,16.51 cm (6.5 inch) Super Retina HD Display,12MP + 12MP | 7MP Front Camera,A12 Bionic Chip Processor,iOS 13 Compatible
"Apple iPhone XR (Black, 128 GB) (Includes EarPods, Power Adapter)",52900.0,N/A,128 GB ROM,15.49 cm (6.1 inch) Display,12MP Rear Camera | 7MP Front Camera,A12 Bionic Chip Processor,iOS 13 Compatible
"Apple iPhone 12 Pro Max (Silver, 256 GB)",129900.0,N/A,256 GB ROM,17.02 cm (6.7 inch) Super Retina XDR Display,12MP + 12MP + 12MP | 12MP Front Camera,A14 Bionic Chip with Next Generation Neural Engine Processor,Ceramic Shield | Industry-leading IP68 Water Resistance
"Apple iPhone 6 (Silver, 16 GB)",36990.0,N/A,16 GB ROM,11.94 cm (4.7 inch) Retina HD Display,8MP Rear Camera | 1.2MP Front Camera,Apple A8 64-bit processor and M8 Motion Co-processor,1 Year Manufacturer Warranty
"Apple iPhone 6s (Space Grey, 32 GB)",29900.0,N/A,32 GB ROM,11.94 cm (4.7 inch) Retina HD Display,12MP Rear Camera | 5MP Front Camera,Apple A9 64-bit processor and Embedded M9 Motion Co-processor,Brand Warranty of 1 Year
"Apple iPhone 11 Pro Max (Midnight Green, 512 GB)",150800.0,N/A,512 GB ROM,16.51 cm (6.5 inch) Super Retina XDR Display,12MP + 12MP + 12MP | 12MP Front Camera,A13 Bionic Chip Processor,Brand Warranty for 1 Year
"Apple iPhone XR (White, 128 GB) (Includes EarPods, Power Adapter)",52900.0,N/A,128 GB ROM,15.49 cm (6.1 inch) Display,12MP Rear Camera | 7MP Front Camera,A12 Bionic Chip Processor,iOS 13 Compatible
"Apple iPhone 13 mini ((PRODUCT)RED, 512 GB)",94900.0,N/A,512 GB ROM,13.72 cm (5.4 inch) Super Retina XDR Display,12MP + 12MP | 12MP Front Camera,A15 Bionic Chip Processor,Brand Warranty for 1 Year
"Apple iPhone 6s Plus (Silver, 128 GB)",70000.0,N/A,128 GB ROM,13.97 cm (5.5 inch) Retina HD Display,12MP Rear Camera | 5MP Front Camera,A9 Chip with 64-bit Architecture and M9 Motion Co-processor,Brand Warranty of 1 Year
"Apple iPhone XS (Space Grey, 64 GB)",89900.0,N/A,64 GB ROM,14.73 cm (5.8 inch) Super Retina HD Display,12MP + 12MP | 7MP Front Camera,A12 Bionic Chip Processor,1 Year Limited Warranty for Products and Accessories
"Apple iPhone 6s Plus (Gold, 128 GB)",92000.0,N/A,128 GB ROM,13.97 cm (5.5 inch) Retina HD Display,12MP Rear Camera | 5MP Front Camera,A9 Chip with 64-bit Architecture and M9 Motion Co-processor,Brand Warranty of 1 Year
"Apple iPhone 13 Pro Max (Alpine Green, 128 GB)",129900.0,N/A,128 GB ROM,17.02 cm (6.7 inch) Super Retina XDR Display,12MP + 12MP + 12MP | 12MP Front Camera,A15 Bionic Chip Processor,Brand Warranty for 1 Year
"Apple iPhone 12 mini (Green, 256 GB)",39999.0,N/A,256 GB ROM,13.72 cm (5.4 inch) Super Retina XDR Display,12MP + 12MP | 12MP Front Camera,A14 Bionic Chip with Next Generation Neural Engine Processor,Ceramic Shield
"Apple iPhone 13 Pro Max (Sierra Blue, 1 TB)",179900.0,N/A,1 TB ROM,17.02 cm (6.7 inch) Super Retina XDR Display,12MP + 12MP + 12MP | 12MP Front Camera,A15 Bionic Chip Processor,Brand Warranty for 1 Year
"Apple iPhone 7 (Red, 128 GB)",34900.0,N/A,128 GB ROM,11.94 cm (4.7 inch) Retina HD Display,12MP Rear Camera | 7MP Front Camera,Apple A10 Fusion 64-bit processor and Embedded M10 Motion Co-processor,Brand Warranty of 1 Year
"Apple iPhone 6 (Gold, 64 GB)",62500.0,N/A,64 GB ROM,11.94 cm (4.7 inch) Retina HD Display,8MP Rear Camera | 1.2MP Front Camera,A8 Chip with 64-bit Architecture and M8 Motion Co-processor,1 Year Manufacturer Warranty
"Apple iPhone 8 Plus (PRODUCT)RED (Red, 64 GB)",49900.0,N/A,64 GB ROM,13.97 cm (5.5 inch) Retina HD Display,12MP + 12MP | 7MP Front Camera,"A11 Bionic Chip with 64-bit Architecture, Neural Engine, Embedded M11 Motion Coprocessor Processor",Brand Warranty of 1 Year
"Apple iPhone 6s (Rose Gold, 16 GB)",31999.0,N/A,16 GB ROM,11.94 cm (4.7 inch) Retina HD Display,12MP Rear Camera | 5MP Front Camera,A9 Chip with 64-bit Architecture and M9 Motion Co-processor,Brand Warranty of 1 Year
"Apple IPhone 4 (Black, 8 GB)",22900.0,N/A,8 GB ROM,8.89 cm (3.5 inch) NA Display,5MP Rear Camera | 0.3MP Front Camera,1 Year Manufacturer Warranty,N/A
"Apple iPhone XS Max (Gold, 512 GB)",144900.0,N/A,512 GB ROM,16.51 cm (6.5 inch) Super Retina HD Display,12MP + 12MP | 7MP Front Camera,A12 Bionic Chip Processor,1 Year Limited Warranty for Products and Accessories
"Apple iPhone 6s Plus (Rose Gold, 16 GB)",49999.0,N/A,16 GB ROM,13.97 cm (5.5 inch) Retina HD Display,12MP Rear Camera | 5MP Front Camera,A9 Chip with 64-bit Architecture and M9 Motion Co-processor,Brand Warranty of 1 Year
"Apple iPhone 12 Pro Max (Pacific Blue, 512 GB)",149900.0,N/A,512 GB ROM,17.02 cm (6.7 inch) Super Retina XDR Display,12MP + 12MP + 12MP | 12MP Front Camera,A14 Bionic Chip with Next Generation Neural Engine Processor,Ceramic Shield | Industry-leading IP68 Water Resistance
"Apple iPhone 6s (Gold, 32 GB)",29900.0,N/A,32 GB ROM,11.94 cm (4.7 inch) Retina HD Display,12MP Rear Camera | 5MP Front Camera,Apple A9 64-bit processor and Embedded M9 Motion Co-processor,Brand Warranty of 1 Year
"Apple iPhone XS Max (Silver, 256 GB)",124900.0,N/A,256 GB ROM,16.51 cm (6.5 inch) Super Retina HD Display,12MP + 12MP | 7MP Front Camera,A12 Bionic Chip Processor,iOS 13 Compatible
"Apple iPhone 7 Plus (PRODUCT) (Red, 256 GB)",85400.0,N/A,256 GB ROM,13.97 cm (5.5 inch) Retina HD Display,12MP Rear Camera | 7MP Front Camera,A10 Fusion Chip with 64-bit Architecture and Embedded M10 Motion Co-processor,Brand Warranty of 1 Year
"Apple iPhone 11 Pro (Gold, 256 GB)",121300.0,N/A,256 GB ROM,14.73 cm (5.8 inch) Super Retina XDR Display,12MP + 12MP + 12MP | 12MP Front Camera,A13 Bionic Chip Processor,Brand Warranty for 1 Year
"Apple iPhone 11 Pro (Midnight Green, 256 GB)",121300.0,N/A,256 GB ROM,14.73 cm (5.8 inch) Super Retina XDR Display,12MP + 12MP + 12MP | 12MP Front Camera,A13 Bionic Chip Processor,Brand Warranty for 1 Year
"Apple iPhone 12 Pro Max (Graphite, 512 GB)",149900.0,N/A,512 GB ROM,17.02 cm (6.7 inch) Super Retina XDR Display,12MP + 12MP + 12MP | 12MP Front Camera,A14 Bionic Chip with Next Generation Neural Engine Processor,Ceramic Shield | Industry-leading IP68 Water Resistance
"Apple iPhone 11 Pro Max (Space Grey, 64 GB)",117100.0,N/A,64 GB ROM,16.51 cm (6.5 inch) Super Retina XDR Display,12MP + 12MP + 12MP | 12MP Front Camera,A13 Bionic Chip Processor,Brand Warranty for 1 Year
"Apple iPhone 13 Pro (Sierra Blue, 128 GB)",119900.0,N/A,128 GB ROM,15.49 cm (6.1 inch) Super Retina XDR Display,12MP + 12MP + 12MP | 12MP Front Camera,A15 Bionic Chip Processor,Brand Warranty for 1 Year
"Apple iPhone 6 (Silver, 128 GB)",71500.0,N/A,128 GB ROM,11.94 cm (4.7 inch) Retina HD Display,8MP Rear Camera | 1.2MP Front Camera,A8 Chip with 64-bit Architecture and M8 Motion Co-processor,1 Year Manufacturer Warranty
"Apple iPhone 7 Plus (Black, 128 GB)",42900.0,N/A,128 GB ROM,13.94 cm (5.488 inch) Retina HD Display,12MP + 12MP | 7MP Front Camera,Apple A10 Fusion 64-bit processor and Embedded M10 Motion Co-processor,Brand Warranty of 1 Year
"Apple IPhone 4 (White, 8 GB)",22900.0,N/A,8 GB ROM,8.89 cm (3.5 inch) NA Display,5MP Rear Camera | 0.3MP Front Camera,1 Year Manufacturer Warranty,N/A
"Apple iPhone XS (Silver, 512 GB)",134900.0,N/A,512 GB ROM,14.73 cm (5.8 inch) Super Retina HD Display,12MP + 12MP | 7MP Front Camera,A12 Bionic Chip Processor,1 Year Limited Warranty for Products and Accessories
"Apple iPhone 12 Pro Max (Gold, 128 GB)",119900.0,N/A,128 GB ROM,17.02 cm (6.7 inch) Super Retina XDR Display,12MP + 12MP + 12MP | 12MP Front Camera,A14 Bionic Chip with Next Generation Neural Engine Processor,Ceramic Shield | Industry-leading IP68 Water Resistance
"Apple iPhone 12 mini (Black, 256 GB)",39999.0,N/A,256 GB ROM,13.72 cm (5.4 inch) Super Retina XDR Display,12MP + 12MP | 12MP Front Camera,A14 Bionic Chip with Next Generation Neural Engine Processor,Ceramic Shield
"Apple iPhone 13 mini (Pink, 256 GB)",74900.0,N/A,256 GB ROM,13.72 cm (5.4 inch) Super Retina XDR Display,12MP + 12MP | 12MP Front Camera,A15 Bionic Chip Processor,Brand Warranty for 1 Year
"Apple iPhone 13 Pro Max (Graphite, 1 TB)",179900.0,N/A,1 TB ROM,17.02 cm (6.7 inch) Super Retina XDR Display,12MP + 12MP + 12MP | 12MP Front Camera,A15 Bionic Chip Processor,Brand Warranty for 1 Year
"Apple iPhone XR (White, 256 GB) (Includes EarPods, Power Adapter)",91900.0,N/A,256 GB ROM,15.49 cm (6.1 inch) Display,12MP Rear Camera | 7MP Front Camera,A12 Bionic Chip Processor,Brand Warranty of 1 Year
"Apple iPhone 6 Plus (Space Grey, 128 GB)",80500.0,N/A,128 GB ROM,13.97 cm (5.5 inch) Retina HD Display,8MP Rear Camera | 1.2MP Front Camera,A8 Chip with 64-bit Architecture and M8 Motion Co-processor,1 Year Manufacturer Warranty
"Apple iPhone 14 Pro (Deep Purple, 256 GB)",129900.0,N/A,256 GB ROM,15.49 cm (6.1 inch) Super Retina XDR Display,48MP + 12MP + 12MP | 12MP Front Camera,"A16 Bionic Chip, 6 Core Processor Processor",1 Year Warranty for Phone and 6 Months Warranty for In-Box Accessories
"Apple iPhone 6 (Grey, 128 GB)",71500.0,N/A,128 GB ROM,11.94 cm (4.7 inch) Retina HD Display,8MP Rear Camera | 1.2MP Front Camera,Apple A8 64-bit processor and M8 Motion Co-processor,1 Year Manufacturer Warranty
"Apple iPhone 12 mini (Green, 128 GB)",29999.0,N/A,128 GB ROM,13.72 cm (5.4 inch) Super Retina XDR Display,12MP + 12MP | 12MP Front Camera,A14 Bionic Chip with Next Generation Neural Engine Processor,Ceramic Shield
"Apple iPhone 12 Pro Max (Silver, 128 GB)",119900.0,N/A,128 GB ROM,17.02 cm (6.7 inch) Super Retina XDR Display,12MP + 12MP + 12MP | 12MP Front Camera,A14 Bionic Chip with Next Generation Neural Engine Processor,Ceramic Shield | Industry-leading IP68 Water Resistance
"Apple iPhone 14 Pro (Space Black, 256 GB)",129900.0,N/A,256 GB ROM,15.49 cm (6.1 inch) Super Retina XDR Display,48MP + 12MP + 12MP | 12MP Front Camera,"A16 Bionic Chip, 6 Core Processor Processor",1 Year Warranty for Phone and 6 Months Warranty for In-Box Accessories
"Apple iPhone 6 Plus (Gold, 64 GB)",71500.0,N/A,64 GB ROM,13.97 cm (5.5 inch) Retina HD Display,8MP Rear Camera | 1.2MP Front Camera,A8 Chip with 64-bit Architecture and M8 Motion Co-processor,1 Year Manufacturer Warranty
"Apple iPhone 12 mini (Red, 128 GB)",29999.0,N/A,128 GB ROM,13.72 cm (5.4 inch) Super Retina XDR Display,12MP + 12MP | 12MP Front Camera,A14 Bionic Chip with Next Generation Neural Engine Processor,Ceramic Shield
"Apple iPhone 12 mini (White, 256 GB)",39999.0,N/A,256 GB ROM,13.72 cm (5.4 inch) Super Retina XDR Display,12MP + 12MP | 12MP Front Camera,A14 Bionic Chip with Next Generation Neural Engine Processor,Ceramic Shield
"Apple iPhone 7 (Black, 128 GB)",34900.0,N/A,128 GB ROM,11.94 cm (4.7 inch) Retina HD Display,12MP Rear Camera | 7MP Front Camera,Apple A10 Fusion 64-bit processor and Embedded M10 Motion Co-processor,Brand Warranty of 1 Year
"Apple iPhone SE (White, 64 GB)",39900.0,N/A,64 GB ROM,11.94 cm (4.7 inch) Retina HD Display,12MP Rear Camera | 7MP Front Camera,A13 Bionic Chip with 3rd Gen Neural Engine Processor,"Water and Dust Resistant (1 meter for Upto 30 minutes, IP67)"
"Apple iPhone XR (Yellow, 128 GB)",52900.0,N/A,128 GB ROM,15.49 cm (6.1 inch) Display,12MP Rear Camera | 7MP Front Camera,A12 Bionic Chip Processor,"Water and Dust Resistant (1 meter for Upto 30 minutes, IP67)"
"Apple iPhone 14 Pro Max - Unboxed (Space Black, 1 TB)",184900.0,N/A,1 TB ROM,17.02 cm (6.7 inch) Super Retina XDR Display,48MP + 12MP + 12MP | 12MP Front Camera,"A16 Bionic Chip, 6 Core Processor Processor",1 Year Warranty for Phone and 6 Months Warranty for In-Box Accessories
"Apple iPhone 15 Pro Max - Unboxed (White Titanium, 512 GB)",179900.0,N/A,512 GB ROM,17.02 cm (6.7 inch) Super Retina XDR Display,48MP + 12MP + 12MP | 12MP Front Camera,"A17 Pro Chip, 6 Core Processor Processor",1 Year Warranty for Phone and 6 Months Warranty for In-Box Accessories
"Apple iPhone 15 Pro - Unboxed (Natural Titanium, 512 GB)",164900.0,N/A,512 GB ROM,15.49 cm (6.1 inch) Super Retina XDR Display,48MP + 12MP + 12MP | 12MP Front Camera,"A17 Pro Chip, 6 Core Processor Processor",1 Year Warranty for Phone and 6 Months Warranty for In-Box Accessories
"Apple iPhone 15 Pro - Unboxed (Black Titanium, 512 GB)",164900.0,N/A,512 GB ROM,15.49 cm (6.1 inch) Super Retina XDR Display,48MP + 12MP + 12MP | 12MP Front Camera,"A17 Pro Chip, 6 Core Processor Processor",1 Year Warranty for Phone and 6 Months Warranty for In-Box Accessories
"Apple iPhone SE 3rd Gen - Unboxed (Starlight, 128 GB)",54900.0,N/A,128 GB ROM,11.94 cm (4.7 inch) Retina HD Display,12MP Rear Camera | 7MP Front Camera,"A15 Bionic Chip, 6 Core Processor Processor",Brand Warranty of 1 Year
"Apple iPhone 15 Pro - Unboxed (Black Titanium, 1 TB)",184900.0,N/A,1 TB ROM,15.49 cm (6.1 inch) Super Retina XDR Display,48MP + 12MP + 12MP | 12MP Front Camera,"A17 Pro Chip, 6 Core Processor Processor",1 Year Warranty for Phone and 6 Months Warranty for In-Box Accessories
"Apple iPhone 14 Pro Max - Unboxed (Gold, 256 GB)",144900.0,N/A,256 GB ROM,17.02 cm (6.7 inch) Super Retina XDR Display,48MP + 12MP + 12MP | 12MP Front Camera,"A16 Bionic Chip, 6 Core Processor Processor",1 Year Warranty for Phone and 6 Months Warranty for In-Box Accessories
"Apple iPhone 15 Plus - Unboxed (Black, 256 GB)",99900.0,N/A,256 GB ROM,17.02 cm (6.7 inch) Super Retina XDR Display,48MP + 12MP | 12MP Front Camera,"A16 Bionic Chip, 6 Core Processor Processor",1 Year Warranty for Phone and 6 Months Warranty for In-Box Accessories
"Apple iPhone 14 Pro - Unboxed (Gold, 1 TB)",169900.0,N/A,1 TB ROM,15.49 cm (6.1 inch) Super Retina XDR Display,48MP + 12MP + 12MP | 12MP Front Camera,"A16 Bionic Chip, 6 Core Processor Processor",1 Year Warranty for Phone and 6 Months Warranty for In-Box Accessories
"Apple iPhone 15 - Unboxed (Blue, 256 GB)",89900.0,N/A,256 GB ROM,15.49 cm (6.1 inch) Super Retina XDR Display,48MP + 12MP | 12MP Front Camera,"A16 Bionic Chip, 6 Core Processor Processor",1 Year Warranty for Phone and 6 Months Warranty for In-Box Accessories
"Apple iPhone SE 3rd Gen - Unboxed (Midnight, 128 GB)",54900.0,N/A,128 GB ROM,11.94 cm (4.7 inch) Retina HD Display,12MP Rear Camera | 7MP Front Camera,"A15 Bionic Chip, 6 Core Processor Processor",Brand Warranty of 1 Year
"Apple iPhone 14 Pro - Unboxed (Space Black, 256 GB)",129900.0,N/A,256 GB ROM,15.49 cm (6.1 inch) Super Retina XDR Display,48MP + 12MP + 12MP | 12MP Front Camera,"A16 Bionic Chip, 6 Core Processor Processor",1 Year Warranty for Phone and 6 Months Warranty for In-Box Accessories
"Apple iPhone 14 Pro Max - Unboxed (Silver, 512 GB)",164900.0,N/A,512 GB ROM,17.02 cm (6.7 inch) Super Retina XDR Display,48MP + 12MP + 12MP | 12MP Front Camera,"A16 Bionic Chip, 6 Core Processor Processor",1 Year Warranty for Phone and 6 Months Warranty for In-Box Accessories
"Apple iPhone 14 Plus - Unboxed (Yellow, 512 GB)",109900.0,N/A,512 GB ROM,17.02 cm (6.7 inch) Super Retina XDR Display,12MP + 12MP | 12MP Front Camera,"A15 Bionic Chip, 6 Core Processor Processor",1 Year Warranty for Phone and 6 Months Warranty for In-Box Accessories
"Apple iPhone 13 mini - Unboxed (Green, 512 GB)",94900.0,N/A,512 GB ROM,13.72 cm (5.4 inch) Super Retina XDR Display,12MP + 12MP | 12MP Front Camera,A15 Bionic Chip Processor,Brand Warranty for 1 Year
"Apple iPhone 15 Pro - Unboxed (Blue Titanium, 128 GB)",134900.0,N/A,128 GB ROM,15.49 cm (6.1 inch) Super Retina XDR Display,48MP + 12MP + 12MP | 12MP Front Camera,"A17 Pro Chip, 6 Core Processor Processor",1 Year Warranty for Phone and 6 Months Warranty for In-Box Accessories
"Apple iPhone SE 3rd Gen - Unboxed (Starlight, 64 GB)",49900.0,N/A,64 GB ROM,11.94 cm (4.7 inch) Retina HD Display,12MP Rear Camera | 7MP Front Camera,"A15 Bionic Chip, 6 Core Processor Processor",Brand Warranty of 1 Year
"Apple iPhone 15 Plus - Unboxed (Yellow, 256 GB)",99900.0,N/A,256 GB ROM,17.02 cm (6.7 inch) Super Retina XDR Display,48MP + 12MP | 12MP Front Camera,"A16 Bionic Chip, 6 Core Processor Processor",1 Year Warranty for Phone and 6 Months Warranty for In-Box Accessories
"Apple iPhone 14 Plus - Unboxed (Starlight, 512 GB)",109900.0,N/A,512 GB ROM,17.02 cm (6.7 inch) Super Retina XDR Display,12MP + 12MP | 12MP Front Camera,"A15 Bionic Chip, 6 Core Processor Processor",1 Year Warranty for Phone and 6 Months Warranty for In-Box Accessories
"Apple iPhone 14 Plus - Unboxed (Midnight, 512 GB)",109900.0,N/A,512 GB ROM,17.02 cm (6.7 inch) Super Retina XDR Display,12MP + 12MP | 12MP Front Camera,"A15 Bionic Chip, 6 Core Processor Processor",1 Year Warranty for Phone and 6 Months Warranty for In-Box Accessories
"Apple iPhone 14 Pro - Unboxed (Space Black, 1 TB)",169900.0,N/A,1 TB ROM,15.49 cm (6.1 inch) Super Retina XDR Display,48MP + 12MP + 12MP | 12MP Front Camera,"A16 Bionic Chip, 6 Core Processor Processor",1 Year Warranty for Phone and 6 Months Warranty for In-Box Accessories
"Apple iPhone 12 - Unboxed (Purple, 256 GB)",64900.0,N/A,256 GB ROM,15.49 cm (6.1 inch) Super Retina XDR Display,12MP + 12MP | 12MP Front Camera,A14 Bionic Chip with Next Generation Neural Engine Processor,Ceramic Shield
"Apple iPhone 12 - Unboxed (Red, 128 GB)",54900.0,N/A,128 GB ROM,15.49 cm (6.1 inch) Super Retina XDR Display,12MP + 12MP | 12MP Front Camera,A14 Bionic Chip with Next Generation Neural Engine Processor,Ceramic Shield
"Apple iPhone 13 mini - Unboxed (Pink, 512 GB)",94900.0,N/A,512 GB ROM,13.72 cm (5.4 inch) Super Retina XDR Display,12MP + 12MP | 12MP Front Camera,A15 Bionic Chip Processor,Brand Warranty for 1 Year
"Apple iPhone 13 mini - Unboxed ((PRODUCT)RED, 512 GB)",94900.0,N/A,512 GB ROM,13.72 cm (5.4 inch) Super Retina XDR Display,12MP + 12MP | 12MP Front Camera,A15 Bionic Chip Processor,Brand Warranty for 1 Year
"Apple iPhone 13 mini - Unboxed (Starlight, 512 GB)",94900.0,N/A,512 GB ROM,13.72 cm (5.4 inch) Super Retina XDR Display,12MP + 12MP | 12MP Front Camera,A15 Bionic Chip Processor,Brand Warranty for 1 Year
"Apple iPhone 13 mini - Unboxed (Midnight, 256 GB)",74900.0,N/A,256 GB ROM,13.72 cm (5.4 inch) Super Retina XDR Display,12MP + 12MP | 12MP Front Camera,A15 Bionic Chip Processor,Brand Warranty for 1 Year
"Apple iPhone 13 mini - Unboxed (Pink, 128 GB)",64900.0,N/A,128 GB ROM,13.72 cm (5.4 inch) Super Retina XDR Display,12MP + 12MP | 12MP Front Camera,A15 Bionic Chip Processor,Brand Warranty for 1 Year
"Apple iPhone 13 mini - Unboxed (Blue, 128 GB)",64900.0,N/A,128 GB ROM,13.72 cm (5.4 inch) Super Retina XDR Display,12MP + 12MP | 12MP Front Camera,A15 Bionic Chip Processor,Brand Warranty for 1 Year
"Apple iPhone 13 - Unboxed (Pink, 512 GB)",89900.0,N/A,512 GB ROM,15.49 cm (6.1 inch) Super Retina XDR Display,12MP + 12MP | 12MP Front Camera,A15 Bionic Chip Processor,Brand Warranty for 1 Year
"Apple iPhone 13 - Unboxed (Pink, 256 GB)",69900.0,N/A,256 GB ROM,15.49 cm (6.1 inch) Super Retina XDR Display,12MP + 12MP | 12MP Front Camera,A15 Bionic Chip Processor,Brand Warranty for 1 Year
"Apple iPhone 15 Pro - Unboxed (Natural Titanium, 256 GB)",144900.0,N/A,256 GB ROM,15.49 cm (6.1 inch) Super Retina XDR Display,48MP + 12MP + 12MP | 12MP Front Camera,"A17 Pro Chip, 6 Core Processor Processor",1 Year Warranty for Phone and 6 Months Warranty for In-Box Accessories
"Apple iPhone 12 - Unboxed (White, 64 GB)",249500.0,N/A,64 GB ROM,15.49 cm (6.1 inch) Super Retina XDR Display,12MP + 12MP | 12MP Front Camera,A14 Bionic Chip with Next Generation Neural Engine Processor,Ceramic Shield
"Apple iPhone SE (Red, 64 GB)",199500.0,N/A,64 GB ROM,11.94 cm (4.7 inch) Retina HD Display,12MP Rear Camera | 7MP Front Camera,A13 Bionic Chip with 3rd Gen Neural Engine Processor,"Water and Dust Resistant (1 meter for Upto 30 minutes, IP67)"
"Apple iPhone 14 - Unboxed (Blue, 128 GB)",419400.0,N/A,128 GB ROM,15.49 cm (6.1 inch) Super Retina XDR Display,12MP + 12MP | 12MP Front Camera,"A15 Bionic Chip, 6 Core Processor Processor",1 Year Warranty for Phone and 6 Months Warranty for In-Box Accessories
"Apple iPhone 15 Plus - Unboxed (Black, 512 GB)",119900.0,N/A,512 GB ROM,17.02 cm (6.7 inch) Super Retina XDR Display,48MP + 12MP | 12MP Front Camera,"A16 Bionic Chip, 6 Core Processor Processor",1 Year Warranty for Phone and 6 Months Warranty for In-Box Accessories
"Apple iPhone 15 - Unboxed (Green, 512 GB)",109900.0,N/A,512 GB ROM,15.49 cm (6.1 inch) Super Retina XDR Display,48MP + 12MP | 12MP Front Camera,"A16 Bionic Chip, 6 Core Processor Processor",1 Year Warranty for Phone and 6 Months Warranty for In-Box Accessories
"Apple iPhone 12 mini - Unboxed (Blue, 64 GB)",239600.0,N/A,64 GB ROM,13.72 cm (5.4 inch) Super Retina XDR Display,12MP + 12MP | 12MP Front Camera,A14 Bionic Chip with Next Generation Neural Engine Processor,Ceramic Shield
"Apple iPhone XR - Unboxed (White, 64 GB)",143700.0,N/A,64 GB ROM,15.49 cm (6.1 inch) Display,12MP Rear Camera | 7MP Front Camera,A12 Bionic Chip Processor,iOS 13 Compatible
"Apple iPhone 6s Plus (Rose Gold, 32 GB)",34900.0,N/A,32 GB ROM,13.97 cm (5.5 inch) Retina HD Display,12MP Rear Camera | 5MP Front Camera,Apple A9 64-bit processor and Embedded M9 Motion Co-processor,Brand Warranty of 1 Year
"Apple iPhone XR (White, 256 GB) (Includes EarPods, Power Adapter)",91900.0,N/A,256 GB ROM,15.49 cm (6.1 inch) Display,12MP Rear Camera | 7MP Front Camera,A12 Bionic Chip Processor,Brand Warranty of 1 Year
"Apple iPhone XS (Space Grey, 512 GB)",134900.0,N/A,512 GB ROM,14.73 cm (5.8 inch) Super Retina HD Display,12MP + 12MP | 7MP Front Camera,A12 Bionic Chip Processor,1 Year Limited Warranty for Products and Accessories
"Apple iPhone 13 - Unboxed (Green, 256 GB)",209700.0,N/A,256 GB ROM,15.49 cm (6.1 inch) Super Retina XDR Display,12MP + 12MP | 12MP Front Camera,A15 Bionic Chip Processor,Brand Warranty for 1 Year
"Apple iPhone XS Max (Gold, 256 GB)",124900.0,N/A,256 GB ROM,16.51 cm (6.5 inch) Super Retina HD Display,12MP + 12MP | 7MP Front Camera,A12 Bionic Chip Processor,iOS 13 Compatible
"Apple iPhone 11 Pro (Space Grey, 64 GB)",106600.0,N/A,64 GB ROM,14.73 cm (5.8 inch) Super Retina XDR Display,12MP + 12MP + 12MP | 12MP Front Camera,A13 Bionic Chip Processor,Brand Warranty for 1 Year
"Apple iPhone 13 - Unboxed (Pink, 128 GB)",299500.0,N/A,128 GB ROM,15.49 cm (6.1 inch) Super Retina XDR Display,12MP + 12MP | 12MP Front Camera,A15 Bionic Chip Processor,Brand Warranty for 1 Year
"Apple iPhone 13 - Unboxed (Blue, 128 GB)",299500.0,N/A,128 GB ROM,15.49 cm (6.1 inch) Super Retina XDR Display,12MP + 12MP | 12MP Front Camera,A15 Bionic Chip Processor,Brand Warranty for 1 Year
"Apple iPhone 13 mini (Midnight, 512 GB)",94900.0,N/A,512 GB ROM,13.72 cm (5.4 inch) Super Retina XDR Display,12MP + 12MP | 12MP Front Camera,A15 Bionic Chip Processor,Brand Warranty for 1 Year
"Apple iPhone 12 - Unboxed (Green, 128 GB)",54900.0,N/A,128 GB ROM,15.49 cm (6.1 inch) Super Retina XDR Display,12MP + 12MP | 12MP Front Camera,A14 Bionic Chip with Next Generation Neural Engine Processor,Ceramic Shield
"Apple iPhone SE 3rd Gen (Starlight, 256 GB)",64900.0,N/A,256 GB ROM,11.94 cm (4.7 inch) Retina HD Display,12MP Rear Camera | 7MP Front Camera,"A15 Bionic Chip, 6 Core Processor Processor",Brand Warranty of 1 Year
"Apple iPhone 11 (Purple, 64 GB)",175600.0,N/A,64 GB ROM,15.49 cm (6.1 inch) Liquid Retina HD Display,12MP + 12MP | 12MP Front Camera,A13 Bionic Chip Processor,Brand Warranty of 1 Year
"Apple iPhone 13 - Unboxed (Green, 128 GB)",239600.0,N/A,128 GB ROM,15.49 cm (6.1 inch) Super Retina XDR Display,12MP + 12MP | 12MP Front Camera,A15 Bionic Chip Processor,Brand Warranty for 1 Year
"Apple iPhone 13 Pro (Graphite, 256 GB)",129900.0,N/A,256 GB ROM,15.49 cm (6.1 inch) Super Retina XDR Display,12MP + 12MP + 12MP | 12MP Front Camera,A15 Bionic Chip Processor,Brand Warranty for 1 Year
"Apple iPhone 12 Pro Max (Gold, 512 GB)",149900.0,N/A,512 GB ROM,17.02 cm (6.7 inch) Super Retina XDR Display,12MP + 12MP + 12MP | 12MP Front Camera,A14 Bionic Chip with Next Generation Neural Engine Processor,Ceramic Shield | Industry-leading IP68 Water Resistance
"Apple iPhone 12 Pro Max (Silver, 256 GB)",129900.0,N/A,256 GB ROM,17.02 cm (6.7 inch) Super Retina XDR Display,12MP + 12MP + 12MP | 12MP Front Camera,A14 Bionic Chip with Next Generation Neural Engine Processor,Ceramic Shield | Industry-leading IP68 Water Resistance
"Apple iPhone 6s (Rose Gold, 16 GB)",31999.0,N/A,16 GB ROM,11.94 cm (4.7 inch) Retina HD Display,12MP Rear Camera | 5MP Front Camera,A9 Chip with 64-bit Architecture and M9 Motion Co-processor,Brand Warranty of 1 Year
"Apple iPhone 12 Pro Max (Graphite, 256 GB)",129900.0,N/A,256 GB ROM,17.02 cm (6.7 inch) Super Retina XDR Display,12MP + 12MP + 12MP | 12MP Front Camera,A14 Bionic Chip with Next Generation Neural Engine Processor,Ceramic Shield | Industry-leading IP68 Water Resistance
"Apple iPhone XR - Unboxed (Black, 128 GB)",158700.0,N/A,128 GB ROM,15.49 cm (6.1 inch) Display,12MP Rear Camera | 7MP Front Camera,A12 Bionic Chip Processor,iOS 13 Compatible
"Apple iPhone 14 Pro (Silver, 512 GB)",149900.0,N/A,512 GB ROM,15.49 cm (6.1 inch) Super Retina XDR Display,48MP + 12MP + 12MP | 12MP Front Camera,"A16 Bionic Chip, 6 Core Processor Processor",1 Year Warranty for Phone and 6 Months Warranty for In-Box Accessories
"Apple iPhone 7 (Black, 256 GB)",74400.0,N/A,256 GB ROM,11.94 cm (4.7 inch) Retina HD Display,12MP Rear Camera | 7MP Front Camera,A10 Fusion Chip with 64-bit Architecture and Embedded M10 Motion Co-processor,Brand Warranty of 1 Year
"Apple iPhone 7 (Red, 128 GB)",34900.0,N/A,128 GB ROM,11.94 cm (4.7 inch) Retina HD Display,12MP Rear Camera | 7MP Front Camera,Apple A10 Fusion 64-bit processor and Embedded M10 Motion Co-processor,Brand Warranty of 1 Year
"Apple iPhone XR (White, 64 GB)",47900.0,N/A,64 GB ROM,15.49 cm (6.1 inch) Display,12MP Rear Camera | 7MP Front Camera,A12 Bionic Chip Processor,"Water and Dust Resistant (1 meter for Upto 30 minutes, IP67)"
"Apple iPhone XS (Gold, 64 GB)",89900.0,N/A,64 GB ROM,14.73 cm (5.8 inch) Super Retina HD Display,12MP + 12MP | 7MP Front Camera,A12 Bionic Chip Processor,1 Year Limited Warranty for Products and Accessories
